Attack_Type,Model_Prediction_Time,Explanation_Time,Control_to_End_Time,Total_Time
DDoS_UDP,2.018342,7.842068,0.195690,10.056100
DDoS_UDP,0.093264,7.834575,0.144080,8.071919
DDoS_UDP,0.090324,7.427740,0.146970,7.665034
DDoS_UDP,0.088523,7.694101,0.139998,7.922621
DDoS_UDP,0.110000,8.062678,0.151123,8.323802
DDoS_UDP,0.108775,7.477035,0.154025,7.739834
DDoS_UDP,0.102040,8.127048,0.148039,8.377126
DDoS_UDP,0.099152,8.299759,0.161154,8.560064
DDoS_UDP,0.113071,8.036816,0.137775,8.287662
DDoS_UDP,0.118176,7.871215,0.156272,8.145663
DDoS_UDP,0.099967,7.916813,0.144051,8.160831
DDoS_UDP,0.101406,7.664592,0.158928,7.924926
DDoS_UDP,0.107719,7.379108,0.150643,7.637471
DDoS_UDP,0.095007,8.461274,0.159245,8.715526
DDoS_UDP,0.092566,8.174307,0.168756,8.435630
DDoS_UDP,0.099311,7.793134,0.150013,8.042458
DDoS_UDP,0.108012,8.677116,0.143756,8.928885
DDoS_UDP,0.093628,8.265737,0.154992,8.514357
DDoS_UDP,0.108695,8.015501,0.143031,8.267227
DDoS_UDP,0.094081,8.017782,0.143054,8.254917
DDoS_UDP,0.105002,8.036691,0.147630,8.289322
DDoS_UDP,0.105002,7.898084,0.186954,8.190039
DDoS_UDP,0.111933,8.121071,0.153062,8.386066
DDoS_UDP,0.103375,8.054543,0.179538,8.337456
DDoS_UDP,0.110097,8.139269,0.168003,8.417370
DDoS_UDP,0.106784,7.932802,0.153257,8.192843
DDoS_UDP,0.096764,8.219928,0.139503,8.456195
DDoS_UDP,0.105096,8.608807,0.154561,8.868463
DDoS_UDP,0.112972,8.560833,0.146999,8.820804
DDoS_UDP,0.119477,8.705960,0.151955,8.977391
DDoS_UDP,0.098306,8.174770,0.148041,8.421118
DDoS_UDP,0.102623,8.212867,0.141905,8.457396
DDoS_UDP,0.094981,8.584157,0.152986,8.832124
DDoS_UDP,0.092736,8.500956,0.152034,8.745727
DDoS_TCP,2.011535,8.664520,0.190013,10.866068
DDoS_TCP,0.089594,8.538661,0.146960,8.775215
DDoS_TCP,0.089403,7.842199,0.148039,8.079641
DDoS_TCP,0.091999,8.337929,0.147999,8.577926
DDoS_TCP,0.089000,8.591306,0.157141,8.837446
DDoS_TCP,0.096893,9.075642,0.145004,9.317538
DDoS_TCP,0.097872,9.337074,0.153053,9.587999
DDoS_TCP,0.108014,8.823194,0.159029,9.090237
DDoS_TCP,0.101695,9.054295,0.151100,9.307089
DDoS_TCP,0.103002,9.023563,0.148081,9.274646
DDoS_TCP,0.098022,9.103899,0.141041,9.342962
DDoS_TCP,0.101982,8.841670,0.144000,9.087652
DDoS_TCP,0.102209,9.269369,0.140040,9.511619
DDoS_TCP,0.110134,9.044068,0.143724,9.297926
DDoS_TCP,0.102907,8.987998,0.142037,9.232942
DDoS_TCP,0.092957,8.778911,0.143033,9.014901
DDoS_TCP,0.103994,9.102809,0.152021,9.358824
DDoS_TCP,0.101053,8.022194,0.142037,8.265284
DDoS_TCP,0.099340,9.011699,0.145766,9.256806
DDoS_TCP,0.101010,8.770503,0.141077,9.012590
DDoS_TCP,0.101107,9.090278,0.148037,9.339422
DDoS_TCP,0.103722,8.793537,0.140089,9.037347
DDoS_TCP,0.099974,8.948460,0.162009,9.210443
DDoS_TCP,0.088192,8.864273,0.152074,9.104538
DDoS_TCP,0.096007,9.017582,0.148117,9.261706
DDoS_TCP,0.098194,8.837913,0.145035,9.081142
DDoS_TCP,0.106217,8.691318,0.140039,8.937574
DDoS_TCP,0.091367,8.838202,0.144062,9.073631
DDoS_TCP,0.092034,9.188927,0.149078,9.430039
DDoS_TCP,0.100093,8.786400,0.142041,9.028534
DDoS_TCP,0.097014,8.742033,0.152007,8.991055
DDoS_TCP,0.102126,8.666434,0.142970,8.911530
DDoS_TCP,0.126100,9.013250,0.151006,9.290355
DDoS_TCP,0.103997,8.546835,0.151441,8.802273
DDoS_TCP,0.102002,8.105603,0.143972,8.351576
DDoS_TCP,0.092961,8.533571,0.175078,8.801610
DDoS_HTTP,1.909508,8.229096,0.189034,10.327638
DDoS_HTTP,0.090020,7.984517,0.146192,8.220728
DDoS_HTTP,0.112572,7.543648,0.146049,7.802269
DDoS_HTTP,0.091006,7.782085,0.149997,8.023089
DDoS_HTTP,0.091980,8.033461,0.145114,8.270555
DDoS_HTTP,0.101510,8.543577,0.146038,8.791125
DDoS_HTTP,0.098606,8.731352,0.148075,8.978034
DDoS_HTTP,0.105335,8.330938,0.146540,8.582812
DDoS_HTTP,0.105992,8.470070,0.182722,8.758784
DDoS_HTTP,0.095078,8.212064,0.148113,8.455255
DDoS_HTTP,0.098963,8.167770,0.144999,8.411732
DDoS_HTTP,0.101563,8.096712,0.154027,8.352302
DDoS_HTTP,0.095292,8.363013,0.146844,8.605149
DDoS_HTTP,0.102049,8.725818,0.149022,8.976889
DDoS_HTTP,0.098008,8.464703,0.157979,8.720691
DDoS_HTTP,0.101332,8.182151,0.144953,8.428435
DDoS_HTTP,0.105040,8.612743,0.150994,8.868777
DDoS_HTTP,0.102066,8.540191,0.148998,8.791255
DDoS_HTTP,0.097847,8.588033,0.161057,8.846938
DDoS_HTTP,0.099574,8.141743,0.143989,8.385306
DDoS_HTTP,0.106970,8.904649,0.145031,9.156651
DDoS_HTTP,0.089578,8.645880,0.152034,8.887492
DDoS_HTTP,0.093007,7.747172,0.151216,7.991395
DDoS_HTTP,0.106363,8.239456,0.178318,8.524137
DDoS_HTTP,0.109384,8.542109,0.138083,8.789576
DDoS_HTTP,0.090042,8.484479,0.146385,8.720906
DDoS_HTTP,0.094972,8.608764,0.146038,8.849774
DDoS_HTTP,0.091000,8.454161,0.142999,8.688160
DDoS_HTTP,0.103659,8.674580,0.142109,8.920348
DDoS_HTTP,0.104004,8.889141,0.149059,9.142205
DDoS_HTTP,0.100045,8.405824,0.156697,8.662566
DDoS_HTTP,0.108598,8.855359,0.148094,9.112051
DDoS_HTTP,0.104995,8.343593,0.144221,8.592809
DDoS_HTTP,0.102005,8.149014,0.161621,8.412640
DDoS_HTTP,0.082692,8.230167,0.159053,8.471912
DDoS_HTTP,0.104686,8.280514,0.157806,8.543006
DDoS_HTTP,0.111194,7.379911,0.149929,7.641034
DDoS_HTTP,0.091856,7.058558,0.136161,7.286575
DDoS_HTTP,0.093054,8.410637,0.165005,8.668696
DDoS_HTTP,0.097093,8.749772,0.151034,8.997899
DDoS_HTTP,0.094186,8.762512,0.152426,9.009124
DDoS_HTTP,0.099010,8.347889,0.149001,8.595900
DDoS_HTTP,0.109044,7.264672,0.135923,7.509639
DDoS_HTTP,0.106247,7.890798,0.155712,8.152757
DDoS_HTTP,0.113927,8.244689,0.147163,8.505779
DDoS_HTTP,0.100191,7.898080,0.153635,8.151907
DDoS_HTTP,0.084355,7.089725,0.167905,7.341984
DDoS_HTTP,0.097969,8.256415,0.181069,8.535452
