DateTime,Soil temperture at 2 inch below the soil surface (F),Soil data under the cover right on top of soil surface (F),Air temperature 1.5m (F),Dewpoint,Wind Chill,Wind Gust 10m,Wind Speed 10m,Wind Direction 10m,Pressure (mb),Pressure (inHg),Rainfall,Relative Humidity,Approximate Max,Solar Radiation,Snow cover,Turfgrass species,Mowing height,Location,Cover or not ,
2/1/2022 12:00,50.9,68,61.84,49.58,,16.08,7.99,149.4,978.49,28.89,0,64.09,666.34,288.91,Yes,Bermudagrass,"0.125""","Stilwlater, OK",No,
2/1/2022 12:30,51.8,66.2,61.5,49.01,,15.78,11.33,150,977.81,28.87,0,63.51,681.94,238.06,Yes,Bermudagrass,"0.125""","Stilwlater, OK",No,
2/1/2022 13:00,51.8,67.1,62.02,49.16,,14.18,8.5,154.3,977.26,28.86,0,62.69,679.91,254.83,Yes,Bermudagrass,"0.125""","Stilwlater, OK",No,
2/1/2022 13:30,52.7,61.7,61.7,48.7,,15.13,9.38,145.8,977.16,28.86,0,62.32,660.3,95.56,Yes,Bermudagrass,"0.125""","Stilwlater, OK",No,
2/1/2022 14:00,51.8,65.3,61.77,49,,13.59,8.3,144.8,976.94,28.85,0,62.87,623.53,213.46,Yes,Bermudagrass,"0.125""","Stilwlater, OK",No,
2/1/2022 14:30,52.7,61.7,61.27,48.64,,11.91,8.99,147.7,977.12,28.85,0,63.15,570.39,90.68,Yes,Bermudagrass,"0.125""","Stilwlater, OK",No,
2/1/2022 15:00,52.7,66.2,61.84,48.96,,15.05,9.94,144.6,976.76,28.84,0,62.61,502.11,165.7,Yes,Bermudagrass,"0.125""","Stilwlater, OK",No,
2/1/2022 15:30,52.7,69.8,63.28,49.13,,13.88,9.88,146.4,976.52,28.84,0,59.89,420.43,262.96,Yes,Bermudagrass,"0.125""","Stilwlater, OK",No,
2/1/2022 16:00,52.7,62.6,62.37,49.53,,14.98,10.99,131.8,976.2,28.83,0,62.81,327.79,253.7,Yes,Bermudagrass,"0.125""","Stilwlater, OK",No,
2/1/2022 16:30,52.7,59,61.45,49.12,,12.79,8.58,140.1,976.43,28.83,0,63.89,227.95,81.44,Yes,Bermudagrass,"0.125""","Stilwlater, OK",No,
2/1/2022 17:00,51.8,54.5,60.37,49.15,,15.49,11.23,117.4,976.53,28.84,0,66.45,127.75,24.39,Yes,Bermudagrass,"0.125""","Stilwlater, OK",No,
2/1/2022 17:30,51.8,52.7,59.23,49.05,,13.74,9.92,117.2,976.64,28.84,0,68.94,42.1,17.54,Yes,Bermudagrass,"0.125""","Stilwlater, OK",No,
2/1/2022 18:00,50.9,50.9,58.14,48.94,,8.77,7.23,106.9,976.82,28.85,0,71.4,0,1.32,Yes,Bermudagrass,"0.125""","Stilwlater, OK",No,
2/1/2022 18:30,50.9,49.1,56.89,48.32,,7.16,4.97,91.9,977.27,28.86,0,72.97,0,0.02,Yes,Bermudagrass,"0.125""","Stilwlater, OK",No,
2/1/2022 19:00,50,50.9,53.73,46.1,,20.38,14.01,345.7,977.9,28.88,0,75.3,0,0.02,Yes,Bermudagrass,"0.125""","Stilwlater, OK",No,
2/1/2022 19:30,50,49.1,47.53,42.25,41.29,21.77,15.8,17.7,978.4,28.89,0,81.79,0,0.02,Yes,Bermudagrass,"0.125""","Stilwlater, OK",No,
2/1/2022 20:00,49.1,48.2,45.24,40.58,37.8,25.21,18.01,19.33,978.37,28.89,0,83.62,0,0.02,Yes,Bermudagrass,"0.125""","Stilwlater, OK",No,
2/1/2022 20:30,49.1,47.3,44.25,39.71,38.07,17.24,12.34,14.21,979.07,28.91,0,83.94,0,0.02,Yes,Bermudagrass,"0.125""","Stilwlater, OK",No,
2/1/2022 21:00,48.2,46.4,43.04,38.84,37.03,16.81,10.99,6.82,979.74,28.93,0,84.97,0,0.02,Yes,Bermudagrass,"0.125""","Stilwlater, OK",No,
2/1/2022 21:30,48.2,44.6,41.33,38.56,33.85,19.08,14.01,9.87,980.13,28.94,0,89.75,0,0.02,Yes,Bermudagrass,"0.125""","Stilwlater, OK",No,
2/1/2022 22:00,47.3,43.7,40.31,37.69,32.71,17.99,13.51,10.33,980.35,28.95,0,90.26,0,0.02,Yes,Bermudagrass,"0.125""","Stilwlater, OK",No,
2/1/2022 22:30,47.3,42.8,38.63,36.37,29.53,24.7,16.85,21.61,980.72,28.96,0.01,91.47,0,0.02,Yes,Bermudagrass,"0.125""","Stilwlater, OK",No,
2/1/2022 23:00,46.4,41.9,38.11,35.8,30.15,18.34,12.84,13.15,981.16,28.97,0.01,91.32,0,0.02,Yes,Bermudagrass,"0.125""","Stilwlater, OK",No,
2/1/2022 23:30,46.4,40.1,36.63,34.28,26.77,23.38,17.43,16.93,981.22,28.98,0.02,91.09,0,0.02,Yes,Bermudagrass,"0.125""","Stilwlater, OK",No,
2/2/2022 0:00,45.5,39.2,34.97,32.21,24.5,24.27,17.82,14.18,982.02,29,0.03,89.54,0,0.02,Yes,Bermudagrass,"0.125""","Stilwlater, OK",No,
2/2/2022 0:30,45.5,39.2,34.53,31.41,24.78,23.38,15.15,23.86,981.95,29,0.03,88.21,0,0.01,Yes,Bermudagrass,"0.125""","Stilwlater, OK",No,
2/2/2022 1:00,44.6,38.3,33.88,30.9,24.85,21.18,12.73,359.6,982.65,29.02,0.03,88.67,0,0.01,Yes,Bermudagrass,"0.125""","Stilwlater, OK",No,
2/2/2022 1:30,44.6,38.3,32.94,29.6,22.65,20.38,15.39,4.24,982.9,29.03,0.03,87.36,0,0.01,Yes,Bermudagrass,"0.125""","Stilwlater, OK",No,
2/2/2022 2:00,43.7,37.4,32.32,29.68,21.19,24.11,17.4,13.23,982.39,29.01,0.03,89.86,0,0.02,Yes,Bermudagrass,"0.125""","Stilwlater, OK",No,
2/2/2022 2:30,43.7,36.5,31.98,29.54,20.21,24.85,19.13,19.52,982.93,29.03,0.03,90.59,0,0.01,Yes,Bermudagrass,"0.125""","Stilwlater, OK",No,
2/2/2022 3:00,42.8,36.5,31.19,29.24,20.39,20.89,15.44,9.38,983.21,29.03,0.03,92.36,0,0.01,Yes,Bermudagrass,"0.125""","Stilwlater, OK",No,
2/2/2022 3:30,42.8,36.5,30.52,28.41,19.79,23.47,14.73,11,983.38,29.04,0.03,91.75,0,0.01,Yes,Bermudagrass,"0.125""","Stilwlater, OK",No,
2/2/2022 4:00,42.8,35.6,29.97,27.74,19.18,21.05,14.48,359.5,984.12,29.06,0.03,91.27,0,0.01,Yes,Bermudagrass,"0.125""","Stilwlater, OK",No,
2/2/2022 4:30,41.9,34.7,29.5,27.59,18.77,20.18,14.03,357.7,984.33,29.07,0.03,92.44,0,0.01,Yes,Bermudagrass,"0.125""","Stilwlater, OK",No,
2/2/2022 5:00,41.9,34.7,28.59,26.8,18.97,16.3,11.02,3.19,984.63,29.08,0.03,92.89,0,0.01,Yes,Bermudagrass,"0.125""","Stilwlater, OK",No,
2/2/2022 5:30,41.9,33.8,27.22,25.17,15.99,21.34,13.73,5.96,985.13,29.09,0.03,91.87,0,0.01,Yes,Bermudagrass,"0.125""","Stilwlater, OK",No,
2/2/2022 6:00,41,32,26.62,23.75,14.52,22.21,15.44,9.93,985.19,29.09,0.03,88.75,0,0.01,Yes,Bermudagrass,"0.125""","Stilwlater, OK",No,
2/2/2022 6:30,41,32,26.35,22.42,12.67,26.89,19.71,16.1,985.36,29.1,0.03,84.83,0,0.01,Yes,Bermudagrass,"0.125""","Stilwlater, OK",No,
2/2/2022 7:00,40.1,31.1,25.92,22.16,14.5,17.24,13.38,20.22,985.63,29.11,0.03,85.41,0,0.01,Yes,Bermudagrass,"0.125""","Stilwlater, OK",No,
2/2/2022 7:30,40.1,32,25.78,22.3,14.26,22.08,13.51,23.96,986.9,29.14,0.03,86.44,0,0.37,Yes,Bermudagrass,"0.125""","Stilwlater, OK",No,
2/2/2022 8:00,40.1,32,26.05,20.46,14.28,20.47,14.26,21.79,987.01,29.15,0.03,79.04,61.5,7.2,Yes,Bermudagrass,"0.125""","Stilwlater, OK",No,
2/2/2022 8:30,39.2,32,25.36,21.02,12.98,23.67,15.27,17.6,987.23,29.15,0.03,83.32,153.27,17.06,Yes,Bermudagrass,"0.125""","Stilwlater, OK",No,
2/2/2022 9:00,39.2,32,25.39,20.36,12.44,22.08,16.72,26.39,988.01,29.18,0.03,80.93,254.8,31.19,Yes,Bermudagrass,"0.125""","Stilwlater, OK",No,
2/2/2022 9:30,39.2,33.8,25.87,20.84,13.6,21.05,15.35,28.69,988.11,29.18,0.03,80.96,353.78,91.18,Yes,Bermudagrass,"0.125""","Stilwlater, OK",No,
2/2/2022 10:00,39.2,33.8,25.72,20.91,12.63,24.63,17.4,22.07,988.34,29.19,0.03,81.69,444.44,88.63,Yes,Bermudagrass,"0.125""","Stilwlater, OK",No,
2/2/2022 10:30,39.2,33.8,25.6,21.31,13.31,21.47,15.2,18.7,988.64,29.19,0.03,83.52,523.46,90.1,Yes,Bermudagrass,"0.125""","Stilwlater, OK",No,
2/2/2022 11:00,39.2,33.8,25.28,21.16,13.5,19.08,13.79,17.12,989.39,29.22,0.03,84.11,588.59,66.64,Yes,Bermudagrass,"0.125""","Stilwlater, OK",No,
2/2/2022 11:30,39.2,33.8,25.15,21.19,13.67,19.89,13.03,10.91,989.26,29.21,0.03,84.66,638.24,84.92,Yes,Bermudagrass,"0.125""","Stilwlater, OK",No,
2/2/2022 12:00,39.2,34.7,25.13,20.62,11.47,23.47,18.52,16.99,989.05,29.21,0.03,82.72,671.28,112.74,Yes,Bermudagrass,"0.125""","Stilwlater, OK",No,
2/2/2022 12:30,39.2,34.7,25.2,20.56,13.1,23.89,14.46,19.51,988.98,29.2,0.03,82.27,687,93.65,Yes,Bermudagrass,"0.125""","Stilwlater, OK",No,
2/2/2022 13:00,39.2,34.7,25.37,20.27,13,21.41,15.22,11.29,989.17,29.21,0.03,80.7,685.07,102.03,Yes,Bermudagrass,"0.125""","Stilwlater, OK",No,
2/2/2022 13:30,39.2,34.7,24.93,19.06,12.6,19.73,14.85,21.35,989.38,29.22,0.03,78.01,665.52,71.34,Yes,Bermudagrass,"0.125""","Stilwlater, OK",No,
2/2/2022 14:00,39.2,32.9,24.25,18.68,11.1,21.41,16.39,6.32,989.35,29.22,0.03,78.98,628.77,55.85,Yes,Bermudagrass,"0.125""","Stilwlater, OK",No,
2/2/2022 14:30,38.3,32,24.01,18.41,10.76,22.44,16.47,8.61,988.96,29.2,0.03,78.83,575.63,47.92,Yes,Bermudagrass,"0.125""","Stilwlater, OK",No,
2/2/2022 15:00,38.3,32,23.99,18.99,10.11,25.95,18.14,16.63,988.87,29.2,0.03,80.92,507.3,56.62,Yes,Bermudagrass,"0.125""","Stilwlater, OK",No,
2/2/2022 15:30,38.3,32,23.46,19.56,10.78,21.99,14.7,23.9,988.87,29.2,0.03,84.76,425.51,49.18,Yes,Bermudagrass,"0.125""","Stilwlater, OK",No,
2/2/2022 16:00,38.3,31.1,22.51,19.52,8.25,21.56,17.99,16.05,988.98,29.2,0.03,88.08,332.7,29.97,Yes,Bermudagrass,"0.125""","Stilwlater, OK",No,
2/2/2022 16:30,38.3,30.2,21.85,19.25,9.62,22.79,12.78,23.01,989.01,29.21,0.03,89.55,232.54,24.51,Yes,Bermudagrass,"0.125""","Stilwlater, OK",No,
2/2/2022 17:00,37.4,31.1,20.78,17.31,5.24,25.86,20.07,19.81,989.03,29.21,0.03,86.18,131.72,15,Yes,Bermudagrass,"0.125""","Stilwlater, OK",No,
2/2/2022 17:30,37.4,32.9,20.12,17.13,5.22,24.7,17.76,17.26,989.02,29.21,0.03,87.97,44.83,6.3,Yes,Bermudagrass,"0.125""","Stilwlater, OK",No,
2/2/2022 18:00,36.5,29.3,19.68,16.44,4.13,26.46,19.15,15.8,989.03,29.21,0.03,86.95,0,0.36,Yes,Bermudagrass,"0.125""","Stilwlater, OK",Yes,
2/2/2022 18:30,36.5,31.1,19.28,16.06,3.17,27.18,20.36,14.42,989.33,29.22,0.03,87.03,0,0.02,Yes,Bermudagrass,"0.125""","Stilwlater, OK",No,
2/2/2022 19:00,36.5,32,18.46,15.31,1.99,29.59,20.67,17.93,989.75,29.23,0.03,87.25,0,0.02,Yes,Bermudagrass,"0.125""","Stilwlater, OK",No,
2/2/2022 19:30,35.6,32.9,18.22,15.36,3.48,22.08,16.03,8.45,990.5,29.25,0.03,88.32,0,0.02,Yes,Bermudagrass,"0.125""","Stilwlater, OK",No,
2/2/2022 20:00,35.6,32,17.51,14.63,2.3,24.34,16.64,15,990.95,29.26,0.03,88.23,0,0.02,Yes,Bermudagrass,"0.125""","Stilwlater, OK",No,
2/2/2022 20:30,35.6,31.1,17.47,14.6,3.76,18.48,13.41,11.55,991.46,29.28,0.03,88.26,0,0.02,Yes,Bermudagrass,"0.125""","Stilwlater, OK",No,
2/2/2022 21:00,35.6,32,17.28,14.71,3.64,16.73,13.15,10.87,992.25,29.3,0.03,89.42,0,0.02,Yes,Bermudagrass,"0.125""","Stilwlater, OK",No,
2/2/2022 21:30,35.6,32.9,17.19,14.6,4.22,15.05,11.88,10.46,992.79,29.32,0.03,89.37,0,0.02,Yes,Bermudagrass,"0.125""","Stilwlater, OK",No,
2/2/2022 22:00,34.7,32.9,17.08,14.58,3.66,17.32,12.64,8.59,992.88,29.32,0.03,89.71,0,0.02,Yes,Bermudagrass,"0.125""","Stilwlater, OK",No,
2/2/2022 22:30,34.7,33.8,16.93,14.39,3.83,17.46,12.01,1.58,993.36,29.33,0.03,89.5,0,0.02,Yes,Bermudagrass,"0.125""","Stilwlater, OK",No,
2/2/2022 23:00,34.7,33.8,16.86,14.35,2.58,19.44,14.2,6.83,993.01,29.32,0.03,89.64,0,0.01,Yes,Bermudagrass,"0.125""","Stilwlater, OK",No,
2/2/2022 23:30,34.7,33.8,16.93,14.23,2.28,20.83,15.02,11.54,992.51,29.31,0.03,88.9,0,0.01,Yes,Bermudagrass,"0.125""","Stilwlater, OK",No,
2/3/2022 0:00,34.7,33.8,16.99,13.8,0.81,25.37,18.63,14.87,992.66,29.31,0.03,87.01,0,0.01,Yes,Bermudagrass,"0.125""","Stilwlater, OK",No,
2/3/2022 0:30,34.7,33.8,16.84,13.42,1.51,23.17,16.48,16.19,993.02,29.32,0.03,86.1,0,0.01,Yes,Bermudagrass,"0.125""","Stilwlater, OK",No,
2/3/2022 1:00,34.7,33.8,16.3,13.33,1.37,19.8,15.24,15.33,992.39,29.31,0.03,87.8,0,0.01,Yes,Bermudagrass,"0.125""","Stilwlater, OK",No,
2/3/2022 1:30,33.8,33.8,16.21,13,1.6,21.41,14.52,16.15,992.88,29.32,0.03,86.88,0,0.01,Yes,Bermudagrass,"0.125""","Stilwlater, OK",No,
2/3/2022 2:00,33.8,33.8,16.16,12.43,1.06,22.28,15.52,13.79,992.78,29.32,0.03,84.9,0,0.01,Yes,Bermudagrass,"0.125""","Stilwlater, OK",No,
2/3/2022 2:30,33.8,33.8,15.73,11.94,0.86,20.54,14.76,12.91,992.42,29.31,0.03,84.65,0,0.01,Yes,Bermudagrass,"0.125""","Stilwlater, OK",No,
2/3/2022 3:00,33.8,33.8,15.31,11.45,0.1,19.44,15.24,13.79,993.14,29.33,0.03,84.35,0,0.01,Yes,Bermudagrass,"0.125""","Stilwlater, OK",No,
2/3/2022 3:30,33.8,33.8,15.04,10.79,-0.71,20.83,16.24,13.97,992.88,29.32,0.03,82.86,0,0.01,Yes,Bermudagrass,"0.125""","Stilwlater, OK",No,
2/3/2022 4:00,33.8,33.8,14.85,9.92,-1.34,22.57,17.1,20.13,992.18,29.3,0.03,80.42,0,0.01,Yes,Bermudagrass,"0.125""","Stilwlater, OK",No,
2/3/2022 4:30,33.8,33.8,14.88,9.57,-0.58,20.89,15.52,20.65,992.34,29.3,0.03,79.03,0,0.01,Yes,Bermudagrass,"0.125""","Stilwlater, OK",No,
2/3/2022 5:00,33.8,33.8,14.79,9.29,-1.66,29.01,17.68,14.69,992.47,29.31,0.03,78.35,0,0.01,Yes,Bermudagrass,"0.125""","Stilwlater, OK",No,
2/3/2022 5:30,33.8,33.8,14.5,8.59,-1.29,22.5,15.99,15.37,992.66,29.31,0.03,76.9,0,0.02,Yes,Bermudagrass,"0.125""","Stilwlater, OK",No,
2/3/2022 6:00,33.8,33.8,14.32,8.08,-2.4,24.56,17.99,15.61,992.24,29.3,0.03,75.73,0,0.01,Yes,Bermudagrass,"0.125""","Stilwlater, OK",No,
2/3/2022 6:30,33.8,33.8,14.14,8.13,-1.23,21.99,14.89,11.98,992.46,29.31,0.03,76.51,0,0.01,Yes,Bermudagrass,"0.125""","Stilwlater, OK",No,
2/3/2022 7:00,33.8,32.9,14.27,8.09,-1.82,22.79,16.5,13.93,993.09,29.33,0.03,75.93,0,0.02,Yes,Bermudagrass,"0.125""","Stilwlater, OK",No,
2/3/2022 7:30,33.8,32,14.41,8.06,-1.34,19.28,15.85,14.67,993.98,29.35,0.03,75.36,0,1.57,Yes,Bermudagrass,"0.125""","Stilwlater, OK",No,
2/3/2022 8:00,33.8,32,14.34,7.93,-0.71,19.89,14.36,16.1,993.89,29.35,0.03,75.17,63.81,25.09,Yes,Bermudagrass,"0.125""","Stilwlater, OK",No,
2/3/2022 8:30,33.8,32,14.14,7.64,-2.79,24.41,18.37,19.67,993.66,29.34,0.03,74.84,156.48,56.01,Yes,Bermudagrass,"0.125""","Stilwlater, OK",No,
2/3/2022 9:00,33.8,32,14.486,7.68373,-1.77395,24.1142,17.0186,15.91,994.319,29.3622,0,73.8589,258.504,48.9088,Yes,Bermudagrass,"0.125""","Stilwlater, OK",No,
2/3/2022 9:30,32.9,32,15.116,8.05986,-1.72142,25.0537,18.8574,17.82,994.601,29.3705,0,73.0841,357.815,136.697,Yes,Bermudagrass,"0.125""","Stilwlater, OK",No,
2/3/2022 10:00,32.9,32,15.71,8.41625,0.643888,22.5036,15.1687,8.26,994.904,29.3795,0,72.3702,448.743,181.479,Yes,Bermudagrass,"0.125""","Stilwlater, OK",No,
2/3/2022 10:30,32.9,32,15.548,7.81018,0.258738,20.1772,15.5467,11.45,995.16,29.3871,0,70.9138,527.987,194.199,Yes,Bermudagrass,"0.125""","Stilwlater, OK",No,
2/3/2022 11:00,32.9,32.9,15.728,7.43342,0.759529,22.3694,14.9741,358.2,995.08,29.3847,0,69.1691,593.312,262.071,Yes,Bermudagrass,"0.125""","Stilwlater, OK",No,
2/3/2022 11:30,32.9,32.9,15.944,7.95293,-0.471994,23.5326,18.4324,7.407,995.073,29.3845,0,70.1528,643.126,356.604,Yes,Bermudagrass,"0.125""","Stilwlater, OK",No,
2/3/2022 12:00,32.9,33.8,16.448,9.02101,0.976187,23.5326,16.5287,0.922,995.045,29.3837,0,72.0206,676.305,335.005,Yes,Bermudagrass,"0.125""","Stilwlater, OK",No,
2/3/2022 12:30,32.9,33.8,16.394,8.16333,1.72548,20.2443,14.7369,354.9,994.813,29.3768,0,69.4514,692.136,358.909,Yes,Bermudagrass,"0.125""","Stilwlater, OK",No,
2/3/2022 13:00,32.9,32.9,17.114,8.8849,1.79281,24.0471,16.6294,5.168,994.378,29.364,0,69.5442,690.286,285.849,Yes,Bermudagrass,"0.125""","Stilwlater, OK",No,
2/3/2022 13:30,32.9,32.9,17.564,9.48431,2.17445,22.2799,17.1036,9.67,993.915,29.3503,0,70.0675,670.793,240.276,Yes,Bermudagrass,"0.125""","Stilwlater, OK",No,
2/3/2022 14:00,32.9,32,16.826,9.1944,2.60762,19.439,14.0591,354.6,994.094,29.3556,0,71.4042,634.069,166.677,Yes,Bermudagrass,"0.125""","Stilwlater, OK",No,
2/3/2022 14:30,32.9,31.1,16.376,9.02511,3.0138,18.41,12.2092,348.2,994.349,29.3631,0,72.2594,580.91,151.289,Yes,Bermudagrass,"0.125""","Stilwlater, OK",No,
2/3/2022 15:00,32.9,31.1,16.124,9.76538,1.21683,22.4365,15.0792,350.3,994.514,29.368,0,75.5245,512.529,123.656,Yes,Bermudagrass,"0.125""","Stilwlater, OK",No,
2/3/2022 15:30,32.9,31.1,16.52,11.3398,3.01641,17.2445,12.5313,355.5,994.714,29.3739,0,79.6441,430.635,136.089,Yes,Bermudagrass,"0.125""","Stilwlater, OK",No,
2/3/2022 16:00,32.9,31.1,16.484,11.9086,2.96606,20.3114,12.5403,347.5,995.372,29.3933,0,81.81,337.634,80.7556,Yes,Bermudagrass,"0.125""","Stilwlater, OK",No,
2/3/2022 16:30,32.9,31.1,16.358,12.2695,4.03563,14.1039,10.4666,340.4,995.769,29.405,0,83.5852,237.165,56.4161,Yes,Bermudagrass,"0.125""","Stilwlater, OK",No,
2/3/2022 17:00,32.9,32,16.394,11.89,4.14074,14.6877,10.3727,337.2,996.111,29.4151,0,82.0626,135.747,41.1789,Yes,Bermudagrass,"0.125""","Stilwlater, OK",No,
2/3/2022 17:30,32.9,32,16.232,12.082,2.21583,17.3922,13.3456,342.2,996.254,29.4194,0,83.3486,47.6224,15.7064,Yes,Bermudagrass,"0.125""","Stilwlater, OK",No,
2/3/2022 18:00,32.9,32,16.34,12.3324,3.26576,17.4638,11.6902,346.6,996.13,29.4157,0,83.884,0,1.92788,Yes,Bermudagrass,"0.125""","Stilwlater, OK",No,
2/3/2022 18:30,32.9,32,16.322,12.6637,2.85815,16.2223,12.3658,348.1,996.357,29.4224,0,85.1892,0,0.0207084,Yes,Bermudagrass,"0.125""","Stilwlater, OK",No,
2/3/2022 19:00,32.9,32,16.142,12.182,2.55415,16.8799,12.5045,354,996.677,29.4318,0,84.0469,0,0.0135709,Yes,Bermudagrass,"0.125""","Stilwlater, OK",No,
2/3/2022 19:30,32.9,32,16.43,11.9262,3.09817,16.8799,12.1801,0.743,996.647,29.431,0,82.0662,0,0.0145649,Yes,Bermudagrass,"0.125""","Stilwlater, OK",No,
2/3/2022 20:00,32.9,32,16.538,11.3569,4.30537,14.9808,10.395,345.3,997.462,29.455,0,79.6423,0,0.0117486,Yes,Bermudagrass,"0.125""","Stilwlater, OK",No,
2/3/2022 20:30,32.9,32,16.466,11.4722,3.63105,16.5153,11.339,341.1,998.07,29.473,0,80.3023,0,0.013778,Yes,Bermudagrass,"0.125""","Stilwlater, OK",No,
2/3/2022 21:00,32.9,32,16.52,12.4644,4.00628,15.4908,10.8335,351.2,998.418,29.4833,0,83.7188,0,0.0139575,Yes,Bermudagrass,"0.125""","Stilwlater, OK",No,
2/3/2022 21:30,32.9,31.1,17.114,12.338,4.06865,15.9292,11.9855,355.5,998.687,29.4912,0,81.1364,0,0.0134604,Yes,Bermudagrass,"0.125""","Stilwlater, OK",No,
2/3/2022 22:00,32.9,31.1,17.348,12.6518,4.95324,14.5423,10.9744,0.802,998.593,29.4884,0,81.442,0,0.0131567,Yes,Bermudagrass,"0.125""","Stilwlater, OK",No,
2/3/2022 22:30,32.9,31.1,17.6324,12.8832,6.38796,11.6925,9.30342,349.7,999.052,29.502,0,81.2746,0,0.0129082,Yes,Bermudagrass,"0.125""","Stilwlater, OK",No,
2/3/2022 23:00,32.9,31.1,17.6486,13.3273,5.21472,16.4415,11.1645,350.8,999.117,29.5039,0,82.8243,0,0.0138194,Yes,Bermudagrass,"0.125""","Stilwlater, OK",No,
2/3/2022 23:30,32.9,32,17.6954,14.0716,5.27191,15.2,11.1668,350.7,999.376,29.5116,0,85.4081,0,0.0145235,Yes,Bermudagrass,"0.125""","Stilwlater, OK",No,
2/4/2022 0:00,32.9,32,17.7422,14.6862,5.98228,13.737,10.1132,0.314,999.334,29.5103,0,87.5636,0,0.0138884,Yes,Bermudagrass,"0.125""","Stilwlater, OK",No,
2/4/2022 0:30,32.9,32,17.7584,14.6788,5.77065,16.3677,10.4778,358.1,999.454,29.5139,0,87.4741,0,0.0148134,Yes,Bermudagrass,"0.125""","Stilwlater, OK",No,
2/4/2022 1:00,32.9,32,17.528,14.2916,7.04551,11.4732,8.22745,345.1,999.62,29.5188,0,86.8619,0,0.0123698,Yes,Bermudagrass,"0.125""","Stilwlater, OK",No,
2/4/2022 1:30,32.9,32,17.222,13.8682,5.79995,12.7147,9.42198,348.8,999.737,29.5222,0,86.3973,0,0.0127702,Yes,Bermudagrass,"0.125""","Stilwlater, OK",No,
2/4/2022 2:00,32.9,32,17.078,13.6762,6.10102,11.254,8.75089,346.4,999.732,29.5221,0,86.2062,0,0.0127978,Yes,Bermudagrass,"0.125""","Stilwlater, OK",No,
2/4/2022 2:30,32.9,32,17.24,13.8528,7.68551,11.9117,7.02622,348.9,999.941,29.5282,0,86.2716,0,0.011431,Yes,Bermudagrass,"0.125""","Stilwlater, OK",No,
2/4/2022 3:00,32.9,32,17.132,13.1288,6.32346,12.2763,8.54062,342.6,1000.22,29.5365,0,83.9561,0,0.0118176,Yes,Bermudagrass,"0.125""","Stilwlater, OK",No,
2/4/2022 3:30,32.9,32,16.25,11.305,9.89051,6.86963,3.99517,336.1,1000.47,29.5439,0,80.4588,0,0.0126597,Yes,Bermudagrass,"0.125""","Stilwlater, OK",No,
2/4/2022 4:00,32.9,31.1,15.512,9.80784,7.1827,7.74651,5.45365,323.5,1000.39,29.5415,0,77.7117,0,0.0150067,Yes,Bermudagrass,"0.125""","Stilwlater, OK",No,
2/4/2022 4:30,32.9,31.1,14.9,6.18629,5.72077,9.28105,6.14039,325.6,1000.69,29.5503,0,67.76,0,0.0130049,Yes,Bermudagrass,"0.125""","Stilwlater, OK",No,
2/4/2022 5:00,32.9,31.1,13.424,3.75984,4.17088,7.59887,5.9413,334.5,1000.9,29.5565,0,64.6762,0,0.0137228,Yes,Bermudagrass,"0.125""","Stilwlater, OK",No,
2/4/2022 5:30,32.9,30.2,12.83,3.49649,4.21779,7.67269,5.27917,323.6,1000.94,29.5577,0,65.5902,0,0.0137228,Yes,Bermudagrass,"0.125""","Stilwlater, OK",No,
2/4/2022 6:00,32.9,29.3,11.3,2.85704,5.8193,4.74902,3.04223,313.1,1001.28,29.5679,0,68.1457,0,0.0142612,Yes,Bermudagrass,"0.125""","Stilwlater, OK",No,
2/4/2022 6:30,32,29.3,7.916,1.44321,1.93774,3.87214,3.06684,312.3,1001.52,29.5749,0,74.2676,0,0.0169533,Yes,Bermudagrass,"0.125""","Stilwlater, OK",No,
2/4/2022 7:00,32,28.4,8.582,2.73714,-0.640373,8.03731,5.16061,313.7,1001.86,29.5849,0,76.5412,0,0.0377722,Yes,Bermudagrass,"0.125""","Stilwlater, OK",No,
2/4/2022 7:30,32,28.4,7.466,1.51248,-1.31276,6.35737,4.69086,306.4,1002.17,29.5942,0,76.0421,0,6.14644,Yes,Bermudagrass,"0.125""","Stilwlater, OK",No,
2/4/2022 8:00,32,28.4,9.356,2.72073,1.91335,5.84511,4.00412,302.2,1002.51,29.6042,0,73.8647,66.2252,68.2426,Yes,Bermudagrass,"0.125""","Stilwlater, OK",No,
2/4/2022 8:30,32,28.4,11.246,3.37898,5.59478,4.31058,3.12724,271.4,1002.64,29.608,0,69.981,159.794,169.567,Yes,Bermudagrass,"0.125""","Stilwlater, OK",No,
2/4/2022 9:00,32,28.4,12.776,4.05352,7.01351,4.82283,3.30172,277.9,1002.87,29.6146,0,67.4594,262.317,266.639,Yes,Bermudagrass,"0.125""","Stilwlater, OK",No,
2/4/2022 9:30,32,29.3,14.972,4.63751,6.88563,7.23425,5.15838,282.4,1003.31,29.6277,0,62.9223,361.962,362.545,Yes,Bermudagrass,"0.125""","Stilwlater, OK",No,
2/4/2022 10:00,32,30.2,17.6,5.01223,10.1263,7.45347,5.03087,289.2,1003.58,29.6356,0,57.108,453.149,452.922,Yes,Bermudagrass,"0.125""","Stilwlater, OK",No,
2/4/2022 10:30,32,32,19.4018,4.62353,12.2944,7.67269,4.98613,278,1003.73,29.6402,0,51.9168,532.608,529.236,Yes,Bermudagrass,"0.125""","Stilwlater, OK",No,
2/4/2022 11:00,32,32.9,21.2414,3.71693,14.7096,7.30807,4.7602,277.9,1004.13,29.6519,0,46.0385,598.119,590.374,Yes,Bermudagrass,"0.125""","Stilwlater, OK",No,
2/4/2022 11:30,32,32.9,22.5284,3.59133,15.4289,7.67269,5.50286,262,1003.8,29.6421,0,43.3469,648.089,638.595,Yes,Bermudagrass,"0.125""","Stilwlater, OK",No,
2/4/2022 12:00,32,33.8,24.224,2.99004,17.4371,8.03731,5.50063,244.8,1003.53,29.6342,0,39.2593,681.4,668.946,Yes,Bermudagrass,"0.125""","Stilwlater, OK",No,
2/4/2022 12:30,32,33.8,26.7926,2.93993,20.3282,9.20723,5.66169,293.6,1003.13,29.6225,0,35.2,697.336,682.462,Yes,Bermudagrass,"0.125""","Stilwlater, OK",No,
2/4/2022 13:00,32,33.8,28.3136,5.47483,21.5226,9.42645,6.38869,286.4,1002.69,29.6093,0.02,37.1575,695.563,681.159,Yes,Bermudagrass,"0.125""","Stilwlater, OK",No,
2/4/2022 13:30,32,33.8,28.5188,4.4219,21.0757,12.4217,7.31254,281.6,1002.41,29.6012,0.05,35.1077,676.118,663.332,Yes,Bermudagrass,"0.125""","Stilwlater, OK",No,
2/4/2022 14:00,32,33.8,28.7726,6.39893,20.9545,11.8379,7.94112,251.1,1002.03,29.5899,0.07,38.0368,639.41,628.812,Yes,Bermudagrass,"0.125""","Stilwlater, OK",No,
2/4/2022 14:30,32,33.8,30.4628,7.77865,22.6582,11.6925,8.51154,267.1,1001.47,29.5734,0.08,37.7982,586.232,580.337,Yes,Bermudagrass,"0.125""","Stilwlater, OK",No,
2/4/2022 15:00,32,33.8,32.2952,9.52047,25.5544,12.3501,7.44676,268.8,1001.44,29.5725,0.09,37.9633,517.791,518.002,Yes,Bermudagrass,"0.125""","Stilwlater, OK",No,
2/4/2022 15:30,32,32.9,32.0576,11.3048,24.8591,13.5178,8.09324,247.2,1001.28,29.5677,0.1,41.5102,435.787,441.642,Yes,Bermudagrass,"0.125""","Stilwlater, OK",No,
2/4/2022 16:00,32,32.9,32.1692,12.4306,24.7424,11.254,8.51825,248.4,1001.25,29.5669,0.11,43.4407,342.602,354.677,Yes,Bermudagrass,"0.125""","Stilwlater, OK",No,
2/4/2022 16:30,32,32.9,31.9874,12.9377,24.6855,13.2986,8.23864,268.5,1001.31,29.5688,0.11,44.7523,241.822,260.665,Yes,Bermudagrass,"0.125""","Stilwlater, OK",No,
2/4/2022 17:00,32,32.9,31.4096,13.9328,23.6088,13.5916,8.86945,252.3,1001.44,29.5725,0.11,47.8616,139.814,166.515,Yes,Bermudagrass,"0.125""","Stilwlater, OK",No,
2/4/2022 17:30,32,32.9,30.875,14.1587,23.3885,10.2295,8.14021,246,1001.44,29.5725,0.11,49.397,50.4731,62.9029,Yes,Bermudagrass,"0.125""","Stilwlater, OK",No,
2/4/2022 18:00,32,32.9,29.1758,13.9626,24.1127,6.21197,4.64388,267.5,1001.42,29.5719,0.11,52.4822,0,6.28721,Yes,Bermudagrass,"0.125""","Stilwlater, OK",No,
2/4/2022 18:30,32,32.9,27.8636,14.137,,3.50752,2.66419,268.4,1001.61,29.5776,0.11,55.8092,0,0.0549872,Yes,Bermudagrass,"0.125""","Stilwlater, OK",No,
2/4/2022 19:00,32,32.9,25.6064,14.2918,,1.67994,1.15873,223.8,1001.87,29.5851,0.11,61.6865,0,0.0193139,Yes,Bermudagrass,"0.125""","Stilwlater, OK",No,
2/4/2022 19:30,32,32,23.4554,14.2406,,1.38914,1.0782,257.2,1001.9,29.5862,0.11,67.335,0,0.0169808,Yes,Bermudagrass,"0.125""","Stilwlater, OK",No,
2/4/2022 20:00,32.9,31.1,21.5186,14.9013,,0,0,0,1001.78,29.5826,0.11,75.2124,0,0.0161387,Yes,Bermudagrass,"0.125""","Stilwlater, OK",No,
2/4/2022 20:30,32.9,30.2,20.228,13.5656,,0,0,0,1001.71,29.5806,0.11,74.9313,0,0.0153656,Yes,Bermudagrass,"0.125""","Stilwlater, OK",No,
2/4/2022 21:00,32.9,29.3,22.5194,16.0943,,0.950698,0.568182,74.38,1001.81,29.5834,0.11,75.9466,0,0.0139022,Yes,Bermudagrass,"0.125""","Stilwlater, OK",No,
2/4/2022 21:30,32.9,29.3,17.8682,13.5602,,0.657659,0.237115,227,1001.72,29.5809,0.11,82.8894,0,0.0142888,Yes,Bermudagrass,"0.125""","Stilwlater, OK",No,
2/4/2022 22:00,32.9,28.4,18.4478,14.8558,,0.950698,0.275143,103.7,1001.83,29.5841,0.11,85.5754,0,0.0142612,Yes,Bermudagrass,"0.125""","Stilwlater, OK",No,
2/4/2022 22:30,32.9,28.4,15.332,11.7665,,0,0,0,1001.74,29.5815,0.11,85.4754,0,0.0134605,Yes,Bermudagrass,"0.125""","Stilwlater, OK",No,
2/4/2022 23:00,32.9,28.4,15.368,12.6013,,0.58384,0.114084,29.79,1001.66,29.579,0.11,88.5569,0,0.0125079,Yes,Bermudagrass,"0.125""","Stilwlater, OK",No,
2/4/2022 23:30,32.9,27.5,13.208,10.7833,,0,0,0,1001.51,29.5747,0.11,89.8052,0,0.013847,Yes,Bermudagrass,"0.125""","Stilwlater, OK",Yes,
2/5/2022 0:00,32.9,27.5,13.73,11.4582,,0,0,0,1001.62,29.5779,0.11,90.4423,0,0.0125907,Yes,Bermudagrass,"0.125""","Stilwlater, OK",Yes,
2/5/2022 0:30,32.9,27.5,12.11,9.42912,,1.0961,0.143164,263,1001.31,29.5685,0.11,88.7277,0,0.0133915,Yes,Bermudagrass,"0.125""","Stilwlater, OK",Yes,
2/5/2022 1:00,32.9,27.5,11.948,9.76194,,1.31532,0.360147,191.5,1001.16,29.5642,0.11,90.7118,0,0.0138194,Yes,Bermudagrass,"0.125""","Stilwlater, OK",Yes,
2/5/2022 1:30,32,28.4,11.966,9.89079,,0.364621,0.0223694,236.9,1000.91,29.557,0.11,91.1643,0,0.0122594,Yes,Bermudagrass,"0.125""","Stilwlater, OK",Yes,
2/5/2022 2:00,32,27.5,10.958,8.57371,,1.02228,0.653185,228.6,1000.77,29.5528,0.11,89.8628,0,0.0123699,Yes,Bermudagrass,"0.125""","Stilwlater, OK",Yes,
2/5/2022 2:30,32,27.5,10.382,8.03327,,0.657659,0.0827666,256.6,1000.4,29.5417,0.11,89.9804,0,0.0139161,Yes,Bermudagrass,"0.125""","Stilwlater, OK",Yes,
2/5/2022 3:00,32,27.5,10.436,8.21208,,0,0,0,999.963,29.5289,0.11,90.4918,0,0.0127426,Yes,Bermudagrass,"0.125""","Stilwlater, OK",Yes,
2/5/2022 3:30,32,27.5,10.058,7.77129,,1.0961,0.556997,344.1,999.689,29.5208,0.11,90.2184,0,0.0124251,Yes,Bermudagrass,"0.125""","Stilwlater, OK",Yes,
2/5/2022 4:00,32,27.5,8.798,6.31466,,0.731478,0.523443,236.4,999.243,29.5076,0.11,89.3569,0,0.0127978,Yes,Bermudagrass,"0.125""","Stilwlater, OK",Yes,
2/5/2022 4:30,32,27.5,9.68,7.31142,,0,0,0,998.954,29.4991,0.11,89.8669,0,0.0117624,Yes,Bermudagrass,"0.125""","Stilwlater, OK",Yes,
2/5/2022 5:00,32,27.5,8.024,5.32749,,1.60836,0.183429,193.8,998.859,29.4963,0.11,88.4512,0,0.0132672,Yes,Bermudagrass,"0.125""","Stilwlater, OK",Yes,
2/5/2022 5:30,32,27.5,8.924,6.43936,,1.53454,0.756084,115.1,998.766,29.4935,0.11,89.3578,0,0.0118867,Yes,Bermudagrass,"0.125""","Stilwlater, OK",Yes,
2/5/2022 6:00,32,27.5,9.698,7.29135,,1.60836,1.02675,138.7,998.515,29.4861,0.11,89.7127,0,0.0107546,Yes,Bermudagrass,"0.125""","Stilwlater, OK",Yes,
2/5/2022 6:30,32,27.5,7.79,5.30448,,0.876879,0.617394,237.2,998.59,29.4883,0.11,89.2983,0,0.01208,Yes,Bermudagrass,"0.125""","Stilwlater, OK",Yes,
2/5/2022 7:00,32,27.5,9.572,6.9973,,1.89916,1.43388,93.8,998.557,29.4874,0.11,89.0246,0,0.0553608,Yes,Bermudagrass,"0.125""","Stilwlater, OK",Yes,
2/5/2022 7:30,32,27.5,9.986,7.34132,,2.3376,1.92824,90.3,998.266,29.4788,0.11,88.7633,0,5.71043,Yes,Bermudagrass,"0.125""","Stilwlater, OK",Yes,
2/5/2022 8:00,32,27.5,11.39,8.29384,,2.77604,2.398,108.8,998.117,29.4744,0.11,87.0447,68.7503,53.2701,Yes,Bermudagrass,"0.125""","Stilwlater, OK",Yes,
2/5/2022 8:30,32,27.5,16.196,12.247,,2.41142,1.73363,108.7,998.067,29.4729,0.11,84.0918,163.222,159.819,Yes,Bermudagrass,"0.125""","Stilwlater, OK",Yes,
2/5/2022 9:00,32,28.4,20.8166,13.1116,,2.26602,1.67099,117.5,998.016,29.4714,0.11,71.6297,266.24,265.687,Yes,Bermudagrass,"0.125""","Stilwlater, OK",No,
2/5/2022 9:30,32,29.3,25.3274,15.3647,,2.1922,1.51888,135.4,998.004,29.4711,0.11,65.4054,366.213,355.325,Yes,Bermudagrass,"0.125""","Stilwlater, OK",No,
2/5/2022 10:00,32,31.1,32.5526,16.8481,29.5828,4.96824,3.26816,192.9,997.66,29.4609,0.11,51.9031,457.654,454.997,Yes,Bermudagrass,"0.125""","Stilwlater, OK",No,
2/5/2022 10:30,32,32,35.6864,18.0472,30.9076,8.98801,5.61695,172.8,997.257,29.449,0.11,48.2288,537.322,528.544,Yes,Bermudagrass,"0.125""","Stilwlater, OK",No,
2/5/2022 11:00,32,32,38.0606,18.5304,32.8365,12.0571,6.94121,185.7,997.053,29.4429,0.12,44.8383,603.01,591.762,Yes,Bermudagrass,"0.125""","Stilwlater, OK",No,
2/5/2022 11:30,32,32,39.938,18.2479,34.3648,11.8379,8.28785,172.1,996.458,29.4254,0.12,41.1632,653.131,639.11,Yes,Bermudagrass,"0.125""","Stilwlater, OK",No,
2/5/2022 12:00,32,32,42.7154,18.4556,37.6175,13.8108,8.58536,183,995.806,29.4061,0.13,37.3031,686.565,670.797,Yes,Bermudagrass,"0.125""","Stilwlater, OK",No,
2/5/2022 12:30,32,32.9,44.8754,16.6513,39.209,17.0253,11.31,191.3,995.114,29.3857,0.14,31.7713,702.599,687.259,Yes,Bermudagrass,"0.125""","Stilwlater, OK",No,
2/5/2022 13:00,32,32.9,45.5108,15.9861,39.6328,19.2153,12.4486,180.5,994.336,29.3627,0.17,30.13,700.896,685.761,Yes,Bermudagrass,"0.125""","Stilwlater, OK",No,
2/5/2022 13:30,32,32,45.5648,16.8756,39.6411,21.1838,12.6409,198.4,993.473,29.3372,0.17,31.2521,681.491,670.054,Yes,Bermudagrass,"0.125""","Stilwlater, OK",No,
2/5/2022 14:00,32,47.3,46.418,17.0271,40.1362,22.951,14.6967,207.4,992.72,29.315,0.18,30.4577,644.793,635.966,Yes,Bermudagrass,"0.125""","Stilwlater, OK",No,
2/5/2022 14:30,32.9,59,46.3676,17.5456,40.2412,20.8259,14.0726,206.2,992.347,29.304,0.18,31.2076,591.59,586.176,Yes,Bermudagrass,"0.125""","Stilwlater, OK",No,
2/5/2022 15:00,35.6,58.1,46.2596,17.8042,39.7209,24.1813,15.5109,193.3,991.68,29.2843,0.19,31.687,523.085,523.307,Yes,Bermudagrass,"0.125""","Stilwlater, OK",No,
2/5/2022 15:30,35.6,57.2,46.1516,17.4688,39.9424,21.6983,14.1576,176.7,990.898,29.2612,0.19,31.3594,440.967,446.815,Yes,Bermudagrass,"0.125""","Stilwlater, OK",No,
2/5/2022 16:00,36.5,50.9,46.1156,18.4217,40.4906,20.0877,12.1443,179.5,990.465,29.2484,0.19,32.7187,347.596,361.077,Yes,Bermudagrass,"0.125""","Stilwlater, OK",No,
2/5/2022 16:30,36.5,46.4,45.9698,18.0176,40.2187,19.2153,12.4262,186.1,990.331,29.2445,0.19,32.3324,246.507,267.334,Yes,Bermudagrass,"0.125""","Stilwlater, OK",No,
2/5/2022 17:00,36.5,38.3,45.2516,18.6909,40.5159,14.3231,9.07749,177.2,990.135,29.2387,0.19,34.2017,143.922,172.009,Yes,Bermudagrass,"0.125""","Stilwlater, OK",No,
2/5/2022 17:30,35.6,34.7,43.9286,16.8065,38.3321,17.6114,10.4666,175.7,989.596,29.2227,0.19,33.1618,53.3838,68.1087,Yes,Bermudagrass,"0.125""","Stilwlater, OK",No,
2/5/2022 18:00,35.6,32.9,42.3302,17.0162,36.3271,15.6384,10.5091,187.3,989.464,29.2189,0.19,35.5803,0,6.47204,Yes,Bermudagrass,"0.125""","Stilwlater, OK",No,
2/5/2022 18:30,35.6,31.1,40.5842,17.9355,35.436,10.4487,7.73756,166.9,989.045,29.2065,0.19,39.606,0,0.0616273,Yes,Bermudagrass,"0.125""","Stilwlater, OK",No,
2/5/2022 19:00,34.7,26.6,38.1704,19.5238,35.0728,7.23425,4.13833,139.3,989.484,29.2195,0.19,46.5882,0,0.0170635,Yes,Bermudagrass,"0.125""","Stilwlater, OK",Yes,
2/5/2022 19:30,34.7,26.6,37.472,20.7487,31.7751,9.93871,7.52953,150.1,989.388,29.2166,0.19,50.4524,0,0.0162352,Yes,Bermudagrass,"0.125""","Stilwlater, OK",Yes,
2/5/2022 20:00,33.8,26.6,37.8266,19.1399,33.5282,8.62339,5.50286,157.6,989.687,29.2254,0.19,46.4515,0,0.0128529,Yes,Bermudagrass,"0.125""","Stilwlater, OK",Yes,
2/5/2022 20:30,33.8,26.6,37.3532,18.6688,33.4808,7.74651,4.85863,179.7,990.046,29.236,0.19,46.3776,0,0.0117346,Yes,Bermudagrass,"0.125""","Stilwlater, OK",Yes,
2/5/2022 21:00,33.8,25.7,37.0472,18.4667,32.3816,8.54957,5.80485,182.4,990.157,29.2393,0.19,46.5343,0,0.0133499,Yes,Bermudagrass,"0.125""","Stilwlater, OK",Yes,
2/5/2022 21:30,33.8,24.8,34.8494,19.6055,29.2088,8.62339,6.5833,144.3,989.762,29.2276,0.19,53.3091,0,0.0132947,Yes,Bermudagrass,"0.125""","Stilwlater, OK",Yes,
2/5/2022 22:00,33.8,24.8,33.4076,19.8545,27.3747,8.76879,6.73318,144.2,989.285,29.2136,0.19,57.0744,0,0.0148133,Yes,Bermudagrass,"0.125""","Stilwlater, OK",Yes,
2/5/2022 22:30,33.8,26.6,33.9638,19.9222,26.5265,13.4462,9.27881,152.9,988.851,29.2008,0.19,55.9791,0,0.011638,Yes,Bermudagrass,"0.125""","Stilwlater, OK",Yes,
2/5/2022 23:00,32.9,26.6,33.8918,20.2593,26.7296,16.1484,8.73524,155.4,988.903,29.2023,0.19,56.9537,0,0.0104922,Yes,Bermudagrass,"0.125""","Stilwlater, OK",Yes,
2/5/2022 23:30,32.9,26.6,33.3068,20.4215,26.4459,11.764,7.98586,157.5,988.791,29.199,0.19,58.7083,0,0.0115276,Yes,Bermudagrass,"0.125""","Stilwlater, OK",Yes,
2/6/2022 0:00,32.9,26.6,33.1016,20.309,26.474,10.0103,7.53624,160.9,988.594,29.1932,0.19,58.9107,0,0.0110306,Yes,Bermudagrass,"0.125""","Stilwlater, OK",Yes,
2/6/2022 0:30,32.9,25.7,32.3294,20.2318,26.8421,8.62339,5.72432,157,988.615,29.1938,0.19,60.5693,0,0.011141,Yes,Bermudagrass,"0.125""","Stilwlater, OK",Yes,
2/6/2022 1:00,32.9,25.7,31.8128,20.3771,25.1491,10.3771,7.17833,158.1,988.387,29.1871,0.19,62.229,0,0.0122869,Yes,Bermudagrass,"0.125""","Stilwlater, OK",Yes,
2/6/2022 1:30,32.9,25.7,31.6706,20.4017,24.3029,12.7147,8.23193,158.9,988.227,29.1823,0.19,62.653,0,0.0110996,Yes,Bermudagrass,"0.125""","Stilwlater, OK",Yes,
2/6/2022 2:00,32.9,25.7,31.3934,20.5823,24.5639,10.3771,7.29465,159.6,988.009,29.1759,0.19,63.8484,0,0.0121627,Yes,Bermudagrass,"0.125""","Stilwlater, OK",Yes,
2/6/2022 2:30,32.9,25.7,30.6518,20.5815,24.4397,7.81809,6.23434,153.9,987.642,29.165,0.19,65.7945,0,0.0113067,Yes,Bermudagrass,"0.125""","Stilwlater, OK",Yes,
2/6/2022 3:00,32.9,24.8,30.191,20.3838,24.9157,10.4487,5.03758,152.8,987.422,29.1585,0.19,66.4766,0,0.0116657,Yes,Bermudagrass,"0.125""","Stilwlater, OK",Yes,
2/6/2022 3:30,32.9,24.8,30.173,20.8088,23.6809,8.91419,6.47593,156.1,986.987,29.1457,0.19,67.7395,0,0.0107683,Yes,Bermudagrass,"0.125""","Stilwlater, OK",Yes,
2/6/2022 4:00,32.9,24.8,29.9876,20.7352,23.3437,8.76879,6.62804,159.9,987.016,29.1466,0.19,68.0395,0,0.010865,Yes,Bermudagrass,"0.125""","Stilwlater, OK",Yes,
2/6/2022 4:30,32.9,24.8,29.426,20.6419,23.6292,7.59887,5.45812,158.4,986.883,29.1426,0.19,69.34,0,0.0109064,Yes,Bermudagrass,"0.125""","Stilwlater, OK",Yes,
2/6/2022 5:00,32.9,24.8,28.8428,20.5135,24.3424,6.50277,4.0757,163.2,987.101,29.1491,0.19,70.6262,0,0.0121351,Yes,Bermudagrass,"0.125""","Stilwlater, OK",Yes,
2/6/2022 5:30,32.9,23.9,28.1228,20.0686,,4.16518,2.6105,161.3,987.169,29.1511,0.19,71.3767,0,0.0135156,Yes,Bermudagrass,"0.125""","Stilwlater, OK",Yes,
2/6/2022 6:00,32.9,23.9,27.9032,20.648,,2.26602,1.36453,76.21,987.588,29.1635,0.19,73.8238,0,0.013916,Yes,Bermudagrass,"0.125""","Stilwlater, OK",Yes,
2/6/2022 6:30,32.9,23.9,26.4578,20.2226,21.7415,5.04205,3.94596,143.5,987.641,29.165,0.19,76.9538,0,0.0118452,Yes,Bermudagrass,"0.125""","Stilwlater, OK",Yes,
2/6/2022 7:00,32.9,23.9,26.4398,20.5615,22.5195,4.23899,3.34198,136.7,987.905,29.1728,0.19,78.1311,0,0.0741911,Yes,Bermudagrass,"0.125""","Stilwlater, OK",Yes,
2/6/2022 7:30,32.9,24.8,25.2122,19.8326,20.611,4.45821,3.70884,120.2,988.045,29.1769,0.19,79.7012,0,7.06925,Yes,Bermudagrass,"0.125""","Stilwlater, OK",Yes,
2/6/2022 8:00,32.9,25.7,25.9124,20.6036,,2.11838,1.37348,97.3,988.392,29.1872,0.19,80.0014,71.3857,33.9611,Yes,Bermudagrass,"0.125""","Stilwlater, OK",Yes,
2/6/2022 8:30,32.9,26.6,25.9844,20.8395,22.1561,3.87214,3.23461,115.5,988.483,29.1899,0.19,80.5671,166.762,48.3326,Yes,Bermudagrass,"0.125""","Stilwlater, OK",Yes,
2/6/2022 9:00,32.9,31.1,28.7024,20.7284,,2.63064,2.08259,118.9,988.682,29.1958,0.19,71.6862,270.269,195.386,Yes,Bermudagrass,"0.125""","Stilwlater, OK",No,
2/6/2022 9:30,32.9,36.5,32.1818,20.6269,,2.77604,0.733715,191.1,989.106,29.2083,0.19,61.9647,370.566,360.357,Yes,Bermudagrass,"0.125""","Stilwlater, OK",No,
2/6/2022 10:00,32.9,53.6,35.4794,22.8006,,7.01503,2.79841,227.2,989.318,29.2145,0.19,59.5398,462.255,446.534,Yes,Bermudagrass,"0.125""","Stilwlater, OK",No,
2/6/2022 10:30,32.9,61.7,38.5538,24.3852,35.8576,6.50277,3.78713,241.2,989.717,29.2263,0.19,56.368,542.126,516.97,Yes,Bermudagrass,"0.125""","Stilwlater, OK",No,
2/6/2022 11:00,32.9,67.1,40.5428,25.1395,37.6883,6.50277,4.28821,306.7,989.781,29.2282,0.19,53.8306,607.984,575.784,Yes,Bermudagrass,"0.125""","Stilwlater, OK",No,
2/6/2022 11:30,36.5,70.7,40.847,25.1386,,5.18746,2.90354,308.1,990.179,29.24,0.19,53.1975,658.247,621.054,Yes,Bermudagrass,"0.125""","Stilwlater, OK",No,
2/6/2022 12:00,40.1,76.1,42.2402,25.479,,3.4337,1.75823,237.7,990.088,29.2373,0.19,51.1293,691.798,652.449,Yes,Bermudagrass,"0.125""","Stilwlater, OK",No,
2/6/2022 12:30,42.8,77,45.5846,27.6176,44.1597,6.43119,3.54331,291,990.153,29.2392,0.19,49.1574,707.921,667.166,Yes,Bermudagrass,"0.125""","Stilwlater, OK",No,
2/6/2022 13:00,44.6,77.9,46.922,26.9998,45.2731,7.30807,4.05333,20.68,989.798,29.2287,0.19,45.5571,706.28,667.287,Yes,Bermudagrass,"0.125""","Stilwlater, OK",No,
2/6/2022 13:30,46.4,78.8,47.588,27.4131,45.1074,11.3256,5.45141,340.3,989.642,29.2241,0.19,45.1928,686.91,650.019,Yes,Bermudagrass,"0.125""","Stilwlater, OK",No,
2/6/2022 14:00,47.3,76.1,48.128,28.7826,45.0804,11.4732,6.69515,334,989.66,29.2246,0.19,46.849,650.214,618.378,Yes,Bermudagrass,"0.125""","Stilwlater, OK",No,
2/6/2022 14:30,48.2,75.2,47.606,28.3068,44.1807,11.1064,7.2611,329.8,989.741,29.227,0.19,46.8533,596.981,569.4,Yes,Bermudagrass,"0.125""","Stilwlater, OK",No,
2/6/2022 15:00,45.5,71.6,48.182,29.4894,44.7976,10.5225,7.43558,5.902,989.716,29.2263,0.19,48.1251,528.407,506.215,Yes,Bermudagrass,"0.125""","Stilwlater, OK",No,
2/6/2022 15:30,44.6,66.2,47.894,28.3815,45.4195,9.93871,5.53642,318.8,989.961,29.2335,0.19,46.4913,446.171,430.012,Yes,Bermudagrass,"0.125""","Stilwlater, OK",No,
2/6/2022 16:00,43.7,60.8,47.966,29.2799,45.125,9.64567,6.22539,355.7,990.087,29.2372,0.19,48.1033,352.613,345.494,Yes,Bermudagrass,"0.125""","Stilwlater, OK",No,
2/6/2022 16:30,43.7,53.6,47.696,29.3226,43.72,11.5448,8.57641,335.9,990.384,29.246,0.19,48.6785,251.219,254.074,Yes,Bermudagrass,"0.125""","Stilwlater, OK",No,
2/6/2022 17:00,42.8,44.6,46.256,29.3732,41.8685,11.3256,8.78892,340.2,990.71,29.2557,0.19,51.5007,148.068,161.75,Yes,Bermudagrass,"0.125""","Stilwlater, OK",No,
2/6/2022 17:30,41.9,41,44.7116,29.3798,40.8643,10.5964,6.90766,341.9,991.053,29.2658,0.19,54.6245,56.3541,64.0785,Yes,Bermudagrass,"0.125""","Stilwlater, OK",No,
2/6/2022 18:00,41,37.4,42.377,28.589,37.5719,10.4487,7.82033,341.1,991.544,29.2803,0.19,57.8299,0,7.03586,Yes,Bermudagrass,"0.125""","Stilwlater, OK",No,
2/6/2022 18:30,40.1,34.7,40.109,28.1128,35.7658,7.81809,6.18737,345.7,991.961,29.2926,0.19,61.9112,0,0.0521153,Yes,Bermudagrass,"0.125""","Stilwlater, OK",No,
2/6/2022 19:00,40.1,32.9,38.4206,27.5971,35.5795,5.99275,3.9124,337.8,992.384,29.3051,0.19,64.7406,0,0.0191343,Yes,Bermudagrass,"0.125""","Stilwlater, OK",No,
2/6/2022 19:30,39.2,32.9,34.9394,26.5676,32.2939,4.3844,3.27264,308.4,992.68,29.3138,0.19,71.192,0,0.0175467,Yes,Bermudagrass,"0.125""","Stilwlater, OK",No,
2/6/2022 20:00,38.3,32,34.1168,26.9339,,2.26602,1.51441,272.3,992.934,29.3213,0.19,74.6891,0,0.0183336,Yes,Bermudagrass,"0.125""","Stilwlater, OK",No,
2/6/2022 20:30,38.3,31.1,32.2538,26.7909,,2.0468,1.59494,250.5,993.34,29.3333,0.19,80.013,0,0.0177262,Yes,Bermudagrass,"0.125""","Stilwlater, OK",No,
2/6/2022 21:00,37.4,31.1,31.2872,26.235,,1.53454,0.697924,297.5,993.595,29.3408,0.19,81.3064,0,0.016677,Yes,Bermudagrass,"0.125""","Stilwlater, OK",No,
2/6/2022 21:30,37.4,30.2,29.3432,25.9489,,3.94596,2.91249,289.8,993.903,29.3499,0.19,86.9569,0,0.0156554,Yes,Bermudagrass,"0.125""","Stilwlater, OK",No,
2/6/2022 22:00,36.5,29.3,30.5366,26.7539,26.1492,5.6259,4.21439,286.2,994.205,29.3589,0.19,85.6392,0,0.01491,Yes,Bermudagrass,"0.125""","Stilwlater, OK",Yes,
2/6/2022 22:30,36.5,29.3,28.913,25.1511,25.7395,4.31058,3.05789,290.2,994.502,29.3676,0.19,85.6128,0,0.0127563,Yes,Bermudagrass,"0.125""","Stilwlater, OK",Yes,
2/6/2022 23:00,36.5,29.3,27.8942,24.9445,,3.21448,2.65972,294,994.835,29.3775,0.19,88.5019,0,0.0130048,Yes,Bermudagrass,"0.125""","Stilwlater, OK",Yes,
2/6/2022 23:30,35.6,28.4,29.5142,26.7493,26.0365,3.72674,3.33304,292.2,995.246,29.3896,0.19,89.2629,0,0.011859,Yes,Bermudagrass,"0.125""","Stilwlater, OK",Yes,
2/7/2022 0:00,35.6,27.5,28.481,26.2434,,2.99526,2.25931,317.1,995.551,29.3986,0.19,91.1876,0,0.0125907,Yes,Bermudagrass,"0.125""","Stilwlater, OK",Yes,
2/7/2022 0:30,35.6,26.6,27.1382,25.4857,,1.67994,0.375805,328.1,995.82,29.4065,0.19,93.3829,0,0.0145648,Yes,Bermudagrass,"0.125""","Stilwlater, OK",Yes,
2/7/2022 1:00,34.7,26.6,26.447,24.8954,22.7545,3.58133,3.1854,210.7,995.945,29.4102,0.19,93.7558,0,0.0128392,Yes,Bermudagrass,"0.125""","Stilwlater, OK",Yes,
2/7/2022 1:30,34.7,25.7,27.1598,25.7544,,2.84986,2.2772,263.5,996.132,29.4158,0.19,94.3474,0,0.0117209,Yes,Bermudagrass,"0.125""","Stilwlater, OK",Yes,
2/7/2022 2:00,34.7,25.7,26.6036,25.0589,,2.11838,1.67099,254.8,996.241,29.419,0.19,93.7874,0,0.0135433,Yes,Bermudagrass,"0.125""","Stilwlater, OK",Yes,
2/7/2022 2:30,34.7,24.8,25.6856,23.9924,,2.55682,1.78955,272,996.406,29.4238,0.19,93.1803,0,0.01179,Yes,Bermudagrass,"0.125""","Stilwlater, OK",Yes,
2/7/2022 3:00,33.8,24.8,23.9054,22.3444,,3.58133,2.75367,292.2,996.341,29.4219,0.19,93.646,0,0.0140265,Yes,Bermudagrass,"0.125""","Stilwlater, OK",Yes,
2/7/2022 3:30,33.8,24.8,23.8334,22.36,,2.26602,1.5748,295.8,996.331,29.4216,0.19,93.9912,0,0.0122179,Yes,Bermudagrass,"0.125""","Stilwlater, OK",Yes,
2/7/2022 4:00,33.8,23.9,23.3978,22.1548,19.0985,4.31058,3.31067,280.7,996.475,29.4259,0.19,94.8989,0,0.0126183,Yes,Bermudagrass,"0.125""","Stilwlater, OK",Yes,
2/7/2022 4:30,33.8,23.9,23.8424,22.5651,19.9072,3.80055,3.11382,272.3,996.601,29.4296,0.19,94.7721,0,0.0122041,Yes,Bermudagrass,"0.125""","Stilwlater, OK",Yes,
2/7/2022 5:00,33.8,23.9,22.766,21.5036,,4.16518,2.97736,276.8,996.524,29.4273,0.19,94.8058,0,0.0128116,Yes,Bermudagrass,"0.125""","Stilwlater, OK",Yes,
2/7/2022 5:30,33.8,24.8,24.4148,23.1333,,4.01977,2.92815,291.2,996.583,29.4291,0.19,94.7688,0,0.00922214,Yes,Bermudagrass,"0.125""","Stilwlater, OK",Yes,
2/7/2022 6:00,33.8,24.8,23.1062,21.6257,18.6689,4.23899,3.37554,287.2,996.868,29.4375,0.19,93.9426,0,0.0113896,Yes,Bermudagrass,"0.125""","Stilwlater, OK",Yes,
2/7/2022 6:30,33.8,24.8,21.2,19.6952,16.539,4.67743,3.34646,272.4,997.151,29.4458,0.19,93.7924,0,0.0141093,Yes,Bermudagrass,"0.125""","Stilwlater, OK",Yes,
2/7/2022 7:00,32.9,24.8,22.8416,21.5807,18.4547,4.74902,3.31738,282,997.367,29.4522,0.19,94.8137,0,0.0442469,Yes,Bermudagrass,"0.125""","Stilwlater, OK",Yes,
2/7/2022 7:30,32.9,24.8,21.3764,19.7089,,3.2883,2.49866,291.5,997.437,29.4543,0.19,93.1474,1.70116,6.92722,Yes,Bermudagrass,"0.125""","Stilwlater, OK",Yes,
2/7/2022 8:00,32.9,25.7,23.1944,21.5597,,3.4337,1.77165,287.6,997.364,29.4521,0,93.3338,74.1327,58.4951,Yes,Bermudagrass,"0.125""","Stilwlater, OK",Yes,
2/7/2022 8:30,32.9,28.4,27.5702,23.6483,,2.55682,0.673318,275.5,997.689,29.4617,0,84.957,170.413,162.041,Yes,Bermudagrass,"0.125""","Stilwlater, OK",Yes,
2/7/2022 9:00,32.9,32.9,30.0326,23.6296,,2.92368,1.54125,268.5,997.896,29.4678,0,76.7473,274.405,260.67,Yes,Bermudagrass,"0.125""","Stilwlater, OK",No,
2/7/2022 9:30,32.9,39.2,34.6856,27.2039,,2.48524,1.37124,282.3,997.773,29.4642,0.01,73.831,375.02,405.323,Yes,Bermudagrass,"0.125""","Stilwlater, OK",No,
2/7/2022 10:00,32.9,54.5,39.0632,27.73,,3.06908,1.30637,227.7,997.927,29.4688,0.01,63.4796,466.95,456.743,Yes,Bermudagrass,"0.125""","Stilwlater, OK",No,
2/7/2022 10:30,34.7,61.7,43.025,26.9378,,5.04205,2.82525,233.6,997.933,29.469,0.01,52.702,547.017,520.882,Yes,Bermudagrass,"0.125""","Stilwlater, OK",No,
2/7/2022 11:00,38.3,67.1,46.598,24.0966,42.7494,11.5448,7.71743,263,997.758,29.4638,0.01,40.8734,613.037,593.964,Yes,Bermudagrass,"0.125""","Stilwlater, OK",No,
2/7/2022 11:30,41,67.1,47.84,24.2414,43.7383,10.6679,8.97683,250.7,997.32,29.4508,0.01,39.2426,663.435,623.18,Yes,Bermudagrass,"0.125""","Stilwlater, OK",No,
2/7/2022 12:00,42.8,72.5,49.532,24.2754,45.6947,12.0571,9.3146,230,996.658,29.4313,0.01,36.8877,697.094,654.221,Yes,Bermudagrass,"0.125""","Stilwlater, OK",No,
2/7/2022 12:30,44.6,73.4,51.008,24.9889,,16.1484,10.3168,234.8,995.867,29.4079,0.01,35.9752,713.299,669.081,Yes,Bermudagrass,"0.125""","Stilwlater, OK",No,
2/7/2022 13:00,46.4,75.2,53.006,26.6035,,14.7615,10.9431,234.3,995.2,29.3882,0.01,35.7381,711.714,668.346,Yes,Bermudagrass,"0.125""","Stilwlater, OK",No,
2/7/2022 13:30,48.2,72.5,54.608,26.0107,,14.1755,8.80234,234.8,994.438,29.3657,0.01,32.8863,692.37,653.983,Yes,Bermudagrass,"0.125""","Stilwlater, OK",No,
2/7/2022 14:00,49.1,68.9,55.976,27.1867,,16.1484,10.7306,252,993.741,29.3452,0.01,32.8515,655.671,622.748,Yes,Bermudagrass,"0.125""","Stilwlater, OK",No,
2/22/2022 0:00,54.5,50,52.232,37.9424,,31.2053,21.3627,327.4,972.081,28.7055,0,58.0739,0,0.0198932,No,Bermudagrass,"0.125""","Stilwlater, OK",No,
2/22/2022 0:30,51.8,41.9,42.3068,31.9859,36.9659,16.6607,8.91643,317,973.775,28.7556,0,66.5774,0,0.0373431,No,Bermudagrass,"0.125""","Stilwlater, OK",No,
2/22/2022 1:00,49.1,38.3,37.6034,25.6168,28.9467,24.6958,14.4506,318.9,975.709,28.8127,0,61.5924,0,0.0282318,No,Bermudagrass,"0.125""","Stilwlater, OK",No,
2/22/2022 1:30,46.4,33.8,32.0918,21.4544,21.2917,25.7248,16.182,321,976.821,28.8455,0,64.4145,0,0.0258574,No,Bermudagrass,"0.125""","Stilwlater, OK",No,
2/22/2022 2:00,44.6,30.2,28.7582,19.2046,17.3056,22.8615,15.3431,325.3,977.892,28.8771,0,67.0183,0,0.0238695,No,Bermudagrass,"0.125""","Stilwlater, OK",No,
2/22/2022 2:30,42.8,26.6,25.9448,16.7472,13.6342,25.859,15.4975,317,978.933,28.9079,0,67.6987,0,0.0218126,No,Bermudagrass,"0.125""","Stilwlater, OK",Yes,
2/22/2022 3:00,41,27.5,24.3932,16.2585,9.9703,28.4315,20.1101,334.3,979.527,28.9254,0,70.703,0,0.0184441,No,Bermudagrass,"0.125""","Stilwlater, OK",Yes,
2/22/2022 3:30,40.1,29.3,23.9558,15.7862,10.8645,21.5641,16.0321,324.4,980.026,28.9402,0,70.5448,0,0.0159039,No,Bermudagrass,"0.125""","Stilwlater, OK",Yes,
2/22/2022 4:00,40.1,28.4,23.5616,15.434,8.90101,27.4025,20.0429,330,980.721,28.9607,0,70.6279,0,0.0141782,No,Bermudagrass,"0.125""","Stilwlater, OK",Yes,
2/22/2022 4:30,39.2,27.5,22.2872,13.8387,8.05437,28.8565,17.7232,321.6,981.796,28.9924,0,69.4925,0,0.0147581,No,Bermudagrass,"0.125""","Stilwlater, OK",Yes,
2/22/2022 5:00,38.3,24.8,20.3234,11.356,6.63769,24.6287,14.9897,307.8,982.566,29.0152,0,67.6762,0,0.014979,No,Bermudagrass,"0.125""","Stilwlater, OK",Yes,
2/22/2022 5:30,37.4,23.9,19.409,10.4597,6.04815,21.6983,13.7482,316.3,983.255,29.0355,0,67.6149,0,0.01491,No,Bermudagrass,"0.125""","Stilwlater, OK",Yes,
2/22/2022 6:00,36.5,23.9,18.761,9.86498,4.29859,23.1747,15.7458,317.3,984.261,29.0652,0,67.6939,0,0.0143578,No,Bermudagrass,"0.125""","Stilwlater, OK",Yes,
2/22/2022 6:30,35.6,23.9,18.77,10.023,4.74365,22.7273,14.7817,315,984.925,29.0848,0,68.1485,0,0.0135018,No,Bermudagrass,"0.125""","Stilwlater, OK",Yes,
2/22/2022 7:00,35.6,22.1,18.1958,9.64816,4.71285,24.4721,13.3344,326.4,985.617,29.1053,0,68.6879,0,0.556378,No,Bermudagrass,"0.125""","Stilwlater, OK",Yes,
2/22/2022 7:30,34.7,21.2,17.312,9.16678,1.74045,25.7248,17.3631,324.5,986.389,29.1281,0,69.8312,38.7264,17.5142,No,Bermudagrass,"0.125""","Stilwlater, OK",Yes,
2/22/2022 8:00,34.7,22.1,17.456,9.10336,3.32606,21.922,14.2314,324.2,986.989,29.1458,0,69.2004,128.952,61.5806,No,Bermudagrass,"0.125""","Stilwlater, OK",Yes,
2/22/2022 8:30,34.7,24.8,17.384,8.87133,1.61722,26.2393,17.8955,340.7,987.964,29.1746,0,68.695,237.502,115.909,No,Bermudagrass,"0.125""","Stilwlater, OK",Yes,
2/22/2022 9:00,33.8,28.4,17.438,7.91543,2.7201,24.9195,15.4729,313,989.189,29.2107,0,65.6412,347.725,195.345,No,Bermudagrass,"0.125""","Stilwlater, OK",Yes,
2/22/2022 9:30,33.8,36.5,18.1742,7.91994,3.7057,21.0496,15.3834,330.3,989.892,29.2315,0,63.6028,452.169,395.654,No,Bermudagrass,"0.125""","Stilwlater, OK",No,
2/22/2022 10:00,34.7,38.3,19.328,8.2341,6.51827,19.7298,12.6118,315.2,990.145,29.239,0,61.3945,546.759,355.044,No,Bermudagrass,"0.125""","Stilwlater, OK",No,
2/22/2022 10:30,35.6,42.8,19.9706,8.37812,5.32385,22.0786,17.0208,339.5,990.61,29.2527,0,60.1205,628.777,392.729,No,Bermudagrass,"0.125""","Stilwlater, OK",No,
2/22/2022 11:00,37.4,57.2,22.145,9.10163,8.31234,20.8259,16.5779,338.9,990.836,29.2594,0,56.6339,696.237,668.532,No,Bermudagrass,"0.125""","Stilwlater, OK",No,
2/22/2022 11:30,41,63.5,22.6454,8.18837,10.3478,22.0786,13.3545,312.4,991.128,29.268,0,53.2143,747.65,682.093,No,Bermudagrass,"0.125""","Stilwlater, OK",No,
2/22/2022 12:00,42.8,68,24.8648,9.56915,12.9131,20.5351,13.9137,347.4,991.432,29.277,0,51.5955,781.942,719.734,No,Bermudagrass,"0.125""","Stilwlater, OK",No,
2/22/2022 12:30,45.5,74.3,25.9358,9.44936,15.6814,15.5646,10.9655,319.5,991.471,29.2781,0,49.0822,798.419,751.955,No,Bermudagrass,"0.125""","Stilwlater, OK",No,
2/22/2022 13:00,46.4,75.2,25.8044,8.65598,15.2984,20.5351,11.386,304.6,991.401,29.276,0,47.6204,796.751,753.962,No,Bermudagrass,"0.125""","Stilwlater, OK",No,
2/22/2022 13:30,48.2,60.8,28.2038,10.0081,16.7464,21.4075,14.9494,356.7,991.142,29.2684,0,45.8289,776.973,732.89,No,Bermudagrass,"0.125""","Stilwlater, OK",No,
2/22/2022 14:00,49.1,68.9,28.409,9.4577,17.641,20.6693,13.3992,336.4,991.191,29.2698,0,44.3368,739.478,699.724,No,Bermudagrass,"0.125""","Stilwlater, OK",No,
2/22/2022 14:30,49.1,66.2,28.2668,9.41421,17.1287,18.9916,14.1934,339,991.624,29.2826,0,44.5093,685.031,649.396,No,Bermudagrass,"0.125""","Stilwlater, OK",No,
2/22/2022 15:00,49.1,64.4,29.3972,10.0747,18.2404,21.922,15.0389,354,991.598,29.2819,0,43.7733,614.777,580.689,No,Bermudagrass,"0.125""","Stilwlater, OK",No,
2/22/2022 15:30,49.1,59.9,28.2398,9.806,17.3141,18.8574,13.6632,356.3,992.173,29.2989,0,45.3488,530.287,445.829,No,Bermudagrass,"0.125""","Stilwlater, OK",No,
2/22/2022 16:00,48.2,55.4,28.238,9.81433,16.2126,21.4075,16.4907,356,992.522,29.3092,0,45.3691,433.659,432.805,No,Bermudagrass,"0.125""","Stilwlater, OK",No,
2/22/2022 16:30,47.3,48.2,27.5018,9.7496,17.2311,16.3677,11.7797,341.4,992.757,29.3161,0,46.6284,327.791,248.899,No,Bermudagrass,"0.125""","Stilwlater, OK",No,
2/22/2022 17:00,46.4,42.8,27.0554,9.81314,17.234,14.3231,10.6702,353,993.021,29.3239,0,47.6303,217.155,171.246,No,Bermudagrass,"0.125""","Stilwlater, OK",No,
2/22/2022 17:30,45.5,37.4,26.9618,9.89915,15.2018,20.3785,14.8354,358.3,993.329,29.333,0,47.9994,110.313,139.731,No,Bermudagrass,"0.125""","Stilwlater, OK",No,
2/22/2022 18:00,43.7,34.7,25.3148,9.36793,14.5037,17.3184,11.7417,341.4,993.675,29.3432,0,50.1817,28.0583,30.0069,No,Bermudagrass,"0.125""","Stilwlater, OK",No,
2/22/2022 18:30,41.9,32.9,24.089,9.03583,12.0179,18.41,13.7079,353.2,994.513,29.368,0,52.0337,0,2.01141,No,Bermudagrass,"0.125""","Stilwlater, OK",No,
2/22/2022 19:00,41,31.1,23.3384,8.92145,12.4235,14.5423,10.9923,346.8,995.153,29.3869,0,53.422,0,0.0171189,No,Bermudagrass,"0.125""","Stilwlater, OK",No,
2/22/2022 19:30,40.1,30.2,22.6832,9.09573,11.4892,16.3677,11.2026,350.7,995.76,29.4048,0,55.3476,0,0.0152551,No,Bermudagrass,"0.125""","Stilwlater, OK",No,
2/22/2022 20:00,40.1,30.2,22.3772,8.79179,10.6981,16.8061,11.9654,346.2,995.753,29.4046,0,55.3047,0,0.0131843,No,Bermudagrass,"0.125""","Stilwlater, OK",No,
2/22/2022 20:30,39.2,30.2,21.9542,8.50119,9.38157,18.8574,13.5424,350.1,996.34,29.4219,0,55.5692,0,0.011928,No,Bermudagrass,"0.125""","Stilwlater, OK",No,
2/22/2022 21:00,38.3,28.4,21.6734,8.36317,10.6967,16.7345,10.3839,352.6,997.075,29.4436,0,55.8843,0,0.0123422,No,Bermudagrass,"0.125""","Stilwlater, OK",No,
2/22/2022 21:30,38.3,28.4,21.2126,7.68373,8.33865,18.1863,13.7549,355.4,997.155,29.446,0,55.2627,0,0.0115,No,Bermudagrass,"0.125""","Stilwlater, OK",No,
2/22/2022 22:00,37.4,28.4,20.741,7.15949,8.22064,16.6607,12.7729,352.1,998.068,29.4729,0,55.0566,0,0.0136123,No,Bermudagrass,"0.125""","Stilwlater, OK",No,
2/22/2022 22:30,37.4,27.5,20.1398,6.31685,6.92184,18.8574,13.8645,357.2,998.183,29.4763,0,54.3601,0,0.0122732,No,Bermudagrass,"0.125""","Stilwlater, OK",Yes,
2/22/2022 23:00,36.5,27.5,19.481,6.38628,7.08324,17.2445,11.9162,5.432,998.202,29.4769,0,56.0889,0,0.0130601,No,Bermudagrass,"0.125""","Stilwlater, OK",Yes,
2/22/2022 23:30,36.5,27.5,18.9788,4.35469,4.34857,21.1838,16.2804,7.06,998.196,29.4767,0,52.2165,0,0.0120661,No,Bermudagrass,"0.125""","Stilwlater, OK",Yes,
2/23/2022 0:00,35.6,26.6,18.1274,5.1854,6.0154,15.7838,10.8268,3.603,997.977,29.4703,0,56.2692,0,0.0125493,No,Bermudagrass,"0.125""","Stilwlater, OK",Yes,
2/23/2022 0:30,35.6,26.6,17.9096,5.0187,4.07488,19.2153,13.8824,12.97,998.292,29.4795,0,56.3671,0,0.0120937,No,Bermudagrass,"0.125""","Stilwlater, OK",Yes,
2/23/2022 1:00,35.6,25.7,17.15,5.06313,3.24996,18.3429,13.6006,14.1,998.479,29.4851,0,58.3656,0,0.0125079,No,Bermudagrass,"0.125""","Stilwlater, OK",Yes,
2/23/2022 1:30,34.7,25.7,16.412,4.3648,2.29391,20.0206,13.6364,13.78,999.326,29.5101,0,58.3595,0,0.0120109,No,Bermudagrass,"0.125""","Stilwlater, OK",Yes,
2/23/2022 2:00,34.7,26.6,15.98,4.43997,0.559342,21.8549,16.1059,2.907,999.385,29.5118,0,59.6716,0,0.0125355,No,Bermudagrass,"0.125""","Stilwlater, OK",Yes,
2/23/2022 2:30,34.7,27.5,15.368,3.93595,1.05131,18.6337,13.4753,355.5,999.75,29.5226,0,59.8775,0,0.0124112,No,Bermudagrass,"0.125""","Stilwlater, OK",Yes,
2/23/2022 3:00,34.7,27.5,15.242,4.77112,2.66486,15.2,10.4398,5.698,999.753,29.5227,0,62.5674,0,0.0116519,No,Bermudagrass,"0.125""","Stilwlater, OK",Yes,
2/23/2022 3:30,33.8,26.6,14.9,4.39286,0.235259,19.5061,13.9003,359,999.581,29.5176,0,62.4144,0,0.0121213,No,Bermudagrass,"0.125""","Stilwlater, OK",Yes,
2/23/2022 4:00,33.8,26.6,14.936,4.42864,-0.210267,23.8234,14.8823,7.928,998.574,29.4879,0,62.4189,0,0.0116381,No,Bermudagrass,"0.125""","Stilwlater, OK",Yes,
2/23/2022 4:30,33.8,25.7,14.468,4.04818,-1.14448,20.9825,15.5803,15.39,1000.06,29.5317,0,62.6041,0,0.0125217,No,Bermudagrass,"0.125""","Stilwlater, OK",Yes,
2/23/2022 5:00,33.8,25.7,13.478,3.84985,-1.40126,17.4638,13.5737,353.9,1000.4,29.5418,0,64.7912,0,0.0125355,No,Bermudagrass,"0.125""","Stilwlater, OK",Yes,
2/23/2022 5:30,33.8,25.7,13.334,4.27965,-0.683714,17.3922,11.9833,1.086,1000.61,29.5481,0,66.5082,0,0.0119833,No,Bermudagrass,"0.125""","Stilwlater, OK",Yes,
2/23/2022 6:00,33.8,25.7,13.262,4.27143,-2.58072,22.2799,15.3454,4.08,1000.54,29.5458,0,66.6943,0,0.0128116,No,Bermudagrass,"0.125""","Stilwlater, OK",Yes,
2/23/2022 6:30,32.9,26.6,12.974,3.71435,-3.27894,20.6022,16.0321,9.78,1001.19,29.5651,0,65.8338,0,0.0119695,No,Bermudagrass,"0.125""","Stilwlater, OK",Yes,
2/23/2022 7:00,32.9,26.6,12.488,3.29563,-3.89957,21.5641,16.0209,1.114,1001.19,29.565,0,65.9736,0,0.469792,No,Bermudagrass,"0.125""","Stilwlater, OK",Yes,
2/23/2022 7:30,32.9,27.5,12.812,3.12657,-2.178,18.1192,13.4462,14.61,1001.28,29.5679,0,64.5284,41.7968,2.19545,No,Bermudagrass,"0.125""","Stilwlater, OK",Yes,
2/23/2022 8:00,32.9,27.5,12.416,3.11513,-3.9785,21.2733,15.9919,20.45,1001.14,29.5637,0,65.6334,133.482,6.66282,No,Bermudagrass,"0.125""","Stilwlater, OK",Yes,
2/23/2022 8:30,32.9,26.6,11.678,4.11554,-4.96837,20.893,16.0746,25.93,1000.69,29.5503,0,71.0244,242.707,8.79325,No,Bermudagrass,"0.125""","Stilwlater, OK",Yes,
2/23/2022 9:00,32.9,24.8,11.534,5.22137,-4.63878,19.5061,15.0277,11.19,1001.21,29.5656,0,75.2071,353.253,11.405,No,Bermudagrass,"0.125""","Stilwlater, OK",Yes,
2/23/2022 9:30,32.9,23.9,11.084,5.47973,-6.02711,23.4655,16.6943,13.28,999.948,29.5284,0,77.6416,457.876,40.8237,No,Bermudagrass,"0.125""","Stilwlater, OK",Yes,
2/23/2022 10:00,32.9,23,11.174,5.39177,-4.40476,20.0206,13.7124,5.812,1000.28,29.5384,0,77.0202,552.569,39.3201,No,Bermudagrass,"0.125""","Stilwlater, OK",Yes,
2/23/2022 10:30,32.9,23.9,11.516,5.80921,-3.27821,18.0521,12.4955,4.879,1001.09,29.5621,0,77.3199,634.645,78.5756,No,Bermudagrass,"0.125""","Stilwlater, OK",Yes,
2/23/2022 11:00,32.9,23.9,11.066,6.35589,-1.95762,15.3454,9.6412,347.9,1001.72,29.5807,0,80.8768,702.129,38.0512,No,Bermudagrass,"0.125""","Stilwlater, OK",Yes,
2/23/2022 11:30,32.9,24.8,11.444,6.05091,-2.62904,15.9292,11.2965,1.443,1001.34,29.5695,0,78.4289,753.539,138.599,No,Bermudagrass,"0.125""","Stilwlater, OK",Yes,
2/23/2022 12:00,32.9,25.7,11.93,6.00099,-2.40976,16.8061,11.9184,347.9,1001.05,29.5611,0,76.5794,787.806,133.149,No,Bermudagrass,"0.125""","Stilwlater, OK",Yes,
2/23/2022 12:30,32.9,25.7,12.128,6.48605,-3.00549,17.2445,13.3724,348.4,1000.22,29.5364,0,77.608,804.237,151.265,No,Bermudagrass,"0.125""","Stilwlater, OK",Yes,
2/23/2022 13:00,32,25.7,12.596,6.2664,-3.68296,20.0877,15.8576,1.749,999.189,29.506,0,75.2595,802.505,205.187,No,Bermudagrass,"0.125""","Stilwlater, OK",Yes,
2/23/2022 13:30,32,26.6,12.92,6.4132,-2.73911,20.0877,14.7794,358.4,998.429,29.4836,0,74.6879,782.644,217.478,No,Bermudagrass,"0.125""","Stilwlater, OK",Yes,
2/23/2022 14:00,32,26.6,13.802,6.88277,-1.92862,19.5732,15.4304,10.89,997.906,29.4682,0,73.3934,745.051,224.179,No,Bermudagrass,"0.125""","Stilwlater, OK",Yes,
2/23/2022 14:30,32,26.6,14.198,6.95049,-0.556384,18.4771,13.7057,17.43,997.728,29.4629,0,72.3503,690.488,180.519,No,Bermudagrass,"0.125""","Stilwlater, OK",Yes,
2/23/2022 15:00,32,26.6,14.576,6.57884,-0.582041,19.439,14.7011,359.4,997.197,29.4472,0,69.9683,620.099,174.014,No,Bermudagrass,"0.125""","Stilwlater, OK",Yes,
2/23/2022 15:30,32,27.5,15.332,6.65758,0.835681,19.6627,13.8019,21.22,996.529,29.4275,0,67.9366,535.453,190.03,No,Bermudagrass,"0.125""","Stilwlater, OK",Yes,
2/23/2022 16:00,32,27.5,15.854,6.82588,2.93936,13.5178,11.216,25.85,996.369,29.4228,0,66.9188,438.635,145.097,No,Bermudagrass,"0.125""","Stilwlater, OK",Yes,
2/23/2022 16:30,32,27.5,16.268,6.74359,5.23874,11.8379,8.57641,35.14,996.147,29.4162,0,65.4792,332.518,133.288,No,Bermudagrass,"0.125""","Stilwlater, OK",Yes,
2/23/2022 17:00,32,26.6,16.556,7.20737,4.24348,15.9292,10.527,58.95,995.837,29.4071,0,66.0429,221.504,75.2049,No,Bermudagrass,"0.125""","Stilwlater, OK",Yes,
2/23/2022 17:30,32,26.6,16.286,7.16933,4.26781,12.7886,9.9745,47.8,995.73,29.4039,0,66.7063,113.947,29.3254,No,Bermudagrass,"0.125""","Stilwlater, OK",Yes,
2/23/2022 18:00,32,25.7,16.034,6.64982,2.46259,16.3677,12.4239,47.42,995.612,29.4004,0,65.867,30.4416,9.69344,No,Bermudagrass,"0.125""","Stilwlater, OK",Yes,
2/23/2022 18:30,32,25.7,15.944,6.92341,3.73525,12.8601,10.1378,60.77,995.382,29.3936,0,66.9534,0,0.713985,No,Bermudagrass,"0.125""","Stilwlater, OK",Yes,
2/23/2022 19:00,32,25.7,16.016,7.1001,2.97402,14.1039,11.4956,55.12,995.636,29.4011,0,67.282,0,0.0160973,No,Bermudagrass,"0.125""","Stilwlater, OK",Yes,
2/23/2022 19:30,32,25.7,15.8,7.17105,4.82955,10.4487,8.3639,52.72,995.34,29.3924,0,68.1366,0,0.0143855,No,Bermudagrass,"0.125""","Stilwlater, OK",Yes,
2/23/2022 20:00,32,25.7,16.034,7.46083,3.51973,13.5178,10.6433,52.44,995.598,29.4,0,68.3388,0,0.0143855,No,Bermudagrass,"0.125""","Stilwlater, OK",Yes,
2/23/2022 20:30,32,25.7,16.286,7.99243,7.04744,9.13341,6.47369,31.94,995.747,29.4044,0,69.241,0,0.0130601,No,Bermudagrass,"0.125""","Stilwlater, OK",Yes,
2/23/2022 21:00,32,26.6,16.268,8.66727,4.56384,11.8379,9.50698,21.74,995.806,29.4061,0,71.4387,0,0.0149377,No,Bermudagrass,"0.125""","Stilwlater, OK",Yes,
2/23/2022 21:30,32,25.7,16.52,9.79358,8.44893,7.45347,5.38654,37.3,995.931,29.4098,0,74.3305,0,0.0142198,No,Bermudagrass,"0.125""","Stilwlater, OK",Yes,
2/23/2022 22:00,32,26.6,16.25,9.87425,5.05398,12.2025,8.7934,22.78,995.792,29.4057,0,75.4794,0,0.0142198,No,Bermudagrass,"0.125""","Stilwlater, OK",Yes,
2/23/2022 22:30,32,25.7,16.16,10.288,4.92198,11.254,8.82248,27.48,995.47,29.3962,0,77.1915,0,0.0146892,No,Bermudagrass,"0.125""","Stilwlater, OK",Yes,
2/23/2022 23:00,32,25.7,16.088,10.654,4.3854,13.0794,9.44435,46.92,995.087,29.3849,0,78.71,0,0.0143026,No,Bermudagrass,"0.125""","Stilwlater, OK",Yes,
2/23/2022 23:30,32,25.7,15.908,11.0571,3.35284,14.6139,10.659,57.5,994.242,29.36,0,80.7676,0,0.0145511,No,Bermudagrass,"0.125""","Stilwlater, OK",Yes,
2/24/2022 0:00,32,25.7,15.836,11.4542,3.04723,14.5423,11.0035,57.19,993.821,29.3475,0,82.4659,0,0.0134605,No,Bermudagrass,"0.125""","Stilwlater, OK",Yes,
2/24/2022 0:30,32,26.6,15.98,11.8995,3.97454,13.1532,9.84699,37.34,993.431,29.336,0,83.5876,0,0.0134467,No,Bermudagrass,"0.125""","Stilwlater, OK",Yes,
2/24/2022 1:00,32,25.7,16.052,11.9985,5.54394,11.3994,7.85388,21.08,994.041,29.354,0,83.6932,0,0.0138608,No,Bermudagrass,"0.125""","Stilwlater, OK",Yes,
2/24/2022 1:30,32,26.6,15.89,12.4413,3.87984,12.4955,9.82239,50.81,993.382,29.3345,0,85.9548,0,0.0132534,No,Bermudagrass,"0.125""","Stilwlater, OK",Yes,
2/24/2022 2:00,32,26.6,15.836,12.8752,5.11415,11.3256,8.05968,27.63,993.785,29.3465,0,87.8253,0,0.0131706,No,Bermudagrass,"0.125""","Stilwlater, OK",Yes,
2/24/2022 2:30,32,26.6,16.124,13.7429,5.40625,10.8872,8.1335,18.26,993.141,29.3274,0,90.1126,0,0.0123698,No,Bermudagrass,"0.125""","Stilwlater, OK",Yes,
2/24/2022 3:00,32,26.6,16.034,13.752,5.49646,10.1579,7.8852,4.22,993.406,29.3353,0,90.5019,0,0.0138194,No,Bermudagrass,"0.125""","Stilwlater, OK",Yes,
2/24/2022 3:30,32,27.5,15.998,13.8596,4.83195,11.5448,8.67708,27.77,991.88,29.2902,0,91.0735,0,0.012218,No,Bermudagrass,"0.125""","Stilwlater, OK",Yes,
2/24/2022 4:00,32,26.6,16.34,14.0232,5.43602,10.6679,8.43325,53.16,991.702,29.2849,0,90.377,0,0.0141369,No,Bermudagrass,"0.125""","Stilwlater, OK",Yes,
2/24/2022 4:30,32,26.6,16.502,13.6045,4.4423,13.3724,10.1154,55.24,990.962,29.2631,0,88.1069,0,0.0152,No,Bermudagrass,"0.125""","Stilwlater, OK",Yes,
2/24/2022 5:00,32,26.6,16.628,13.3468,6.62973,10.5225,7.39084,43.06,991.657,29.2836,0,86.6379,0,0.0136814,No,Bermudagrass,"0.125""","Stilwlater, OK",Yes,
2/24/2022 5:30,32,26.6,16.736,13.7213,7.93128,8.40417,6.12026,33.96,991.975,29.293,0,87.6664,0,0.0134605,No,Bermudagrass,"0.125""","Stilwlater, OK",Yes,
2/24/2022 6:00,32,27.5,17.096,14.3022,8.19586,8.11113,6.28803,16.74,992.259,29.3014,0,88.5405,0,0.0132534,No,Bermudagrass,"0.125""","Stilwlater, OK",Yes,
2/24/2022 6:30,32,28.4,17.438,15.1028,8.24002,9.64567,6.67502,6.693,991.829,29.2887,0,90.3522,0,0.0134052,No,Bermudagrass,"0.125""","Stilwlater, OK",Yes,
2/24/2022 7:00,32,27.5,17.384,14.8012,7.48074,9.20723,7.46689,10.23,991.671,29.284,0,89.3773,0,0.343,No,Bermudagrass,"0.125""","Stilwlater, OK",Yes,
2/24/2022 7:30,32,27.5,17.474,14.7811,9.21607,8.03731,5.72208,344.6,991.752,29.2864,0,88.9518,44.9752,5.0852,No,Bermudagrass,"0.125""","Stilwlater, OK",Yes,
2/24/2022 8:00,32,27.5,17.7296,14.82,11.34,5.69971,4.18307,13.67,992.242,29.3009,0,88.1257,138.112,13.6973,No,Bermudagrass,"0.125""","Stilwlater, OK",Yes,
2/24/2022 8:30,32,27.5,17.8826,15.1476,9.02736,8.76879,6.40211,357.1,992.264,29.3015,0,88.809,247.989,33.2972,No,Bermudagrass,"0.125""","Stilwlater, OK",Yes,
2/24/2022 9:00,32,28.4,18.2984,15.8863,9.12453,9.20723,6.84055,16.81,992.035,29.2948,0,90.0882,358.845,89.6164,No,Bermudagrass,"0.125""","Stilwlater, OK",No ,
2/24/2022 9:30,32,28.4,18.9266,16.1231,9.34916,9.79107,7.46689,9.35,992.105,29.2968,0,88.5971,463.635,106.27,No,Bermudagrass,"0.125""","Stilwlater, OK",No ,
2/24/2022 10:00,32,29.3,19.3136,16.2605,10.3458,8.03731,6.84055,11.77,992.115,29.2971,0,87.6618,558.422,109.373,No,Bermudagrass,"0.125""","Stilwlater, OK",No ,
2/24/2022 10:30,32,28.4,19.7546,16.6212,9.84661,10.2295,8.1156,351.2,992.264,29.3015,0,87.381,640.547,138.016,No,Bermudagrass,"0.125""","Stilwlater, OK",No ,
2/24/2022 11:00,32,29.3,19.7492,16.9427,10.833,10.7418,6.88305,351.9,992.449,29.307,0,88.6275,708.045,119.515,No,Bermudagrass,"0.125""","Stilwlater, OK",No ,
2/24/2022 11:30,32,29.3,20.4656,17.1643,12.8265,8.69497,5.66169,341.8,992.408,29.3058,0,86.7884,759.444,135.936,No,Bermudagrass,"0.125""","Stilwlater, OK",No ,
2/24/2022 12:00,32,29.3,20.633,17.3616,11.2262,11.254,7.70848,341.9,992.062,29.2956,0,86.9106,793.677,157.111,No,Bermudagrass,"0.125""","Stilwlater, OK",No ,
2/24/2022 12:30,32,29.3,21.0182,17.5135,11.6083,9.86489,7.82033,351.6,991.734,29.2859,0,86.0617,810.054,171.8,No,Bermudagrass,"0.125""","Stilwlater, OK",No ,
2/24/2022 13:00,32,29.3,21.0578,17.5538,10.3124,11.9117,9.76423,351.8,991.49,29.2787,0,86.0668,808.251,171.241,No,Bermudagrass,"0.125""","Stilwlater, OK",No ,
2/24/2022 13:30,32,29.3,21.326,17.9122,11.7361,10.961,8.1514,336.6,990.976,29.2635,0,86.4186,788.302,162.776,No,Bermudagrass,"0.125""","Stilwlater, OK",No ,
2/24/2022 14:00,32,29.3,21.5366,17.7989,11.1643,12.1309,9.3571,346.6,990.545,29.2508,0,85.2331,750.604,158.825,No,Bermudagrass,"0.125""","Stilwlater, OK",No ,
2/24/2022 14:30,32,29.3,21.7382,18.0084,11.7582,12.4217,8.8359,341,990.494,29.2493,0,85.2752,695.922,146.91,No,Bermudagrass,"0.125""","Stilwlater, OK",No ,
2/24/2022 15:00,32,29.3,21.3944,17.9493,11.0695,14.3231,9.23407,333.2,990.704,29.2555,0,86.3062,625.397,103.713,No,Bermudagrass,"0.125""","Stilwlater, OK",No ,
2/24/2022 15:30,32,29.3,21.7886,18.0517,12.7964,10.6679,7.4915,338.2,990.883,29.2608,0,85.2526,540.592,166.368,No,Bermudagrass,"0.125""","Stilwlater, OK",No ,
2/24/2022 16:00,32,29.3,22.0838,18.0153,13.0576,10.5964,7.61677,338.5,991.117,29.2677,0,84.0627,443.586,88.9135,No,Bermudagrass,"0.125""","Stilwlater, OK",No ,
2/24/2022 16:30,32,29.3,22.1144,17.7253,12.5048,11.1802,8.42207,343.9,991.44,29.2772,0,82.9109,337.223,60.6508,No,Bermudagrass,"0.125""","Stilwlater, OK",No ,
2/24/2022 17:00,32,29.3,22.2296,17.5304,12.8027,13.5916,8.20061,334.3,992.01,29.294,0,81.8175,225.842,54.4235,No,Bermudagrass,"0.125""","Stilwlater, OK",No ,
2/24/2022 17:30,32,28.4,22.2062,17.0542,13.614,12.2025,7.0978,325.9,992.702,29.3145,0,80.2293,117.594,32.2006,No,Bermudagrass,"0.125""","Stilwlater, OK",No ,
2/24/2022 18:00,32,28.4,22.1414,16.6456,12.9104,14.1039,7.90533,327.9,993.78,29.3463,0,79.0377,32.8384,9.98082,No,Bermudagrass,"0.125""","Stilwlater, OK",No ,
2/24/2022 18:30,32,28.4,22.2764,15.9824,13.4797,12.5693,7.37294,316.6,994.71,29.3738,0,76.3568,0,0.85219,No,Bermudagrass,"0.125""","Stilwlater, OK",No ,
2/24/2022 19:00,32,28.4,22.082,16.2469,12.3839,12.3501,8.53839,328.2,995.414,29.3946,0,77.8768,0,0.0158764,No,Bermudagrass,"0.125""","Stilwlater, OK",No ,
2/24/2022 19:30,32,25.7,20.6996,15.1955,11.5645,9.50027,7.38189,342.9,995.835,29.407,0,78.8811,0,0.0149238,No,Bermudagrass,"0.125""","Stilwlater, OK",Yes,
2/24/2022 20:00,31.1,24.8,19.3532,14.7294,11.6395,7.45347,5.53418,350.4,995.941,29.4101,0,81.8612,0,0.0153656,No,Bermudagrass,"0.125""","Stilwlater, OK",Yes,
2/24/2022 20:30,31.1,24.8,18.1472,14.0074,10.4125,6.50277,5.34851,346.5,996.331,29.4216,0,83.5252,0,0.0159592,No,Bermudagrass,"0.125""","Stilwlater, OK",Yes,
2/24/2022 21:00,31.1,24.8,17.204,13.2675,11.1271,5.04205,3.90122,359.5,996.469,29.4257,0,84.2084,0,0.0151033,No,Bermudagrass,"0.125""","Stilwlater, OK",Yes,
2/24/2022 21:30,31.1,23.9,16.25,12.4455,11.284,3.65292,3.12053,354,996.86,29.4373,0,84.6354,0,0.0144268,No,Bermudagrass,"0.125""","Stilwlater, OK",Yes,
2/24/2022 22:00,31.1,23.9,16.52,12.6184,,3.21448,2.66419,8.36,997.433,29.4542,0,84.2908,0,0.0147996,No,Bermudagrass,"0.125""","Stilwlater, OK",Yes,
2/24/2022 22:30,31.1,23.9,15.224,12.2121,8.74476,4.74902,3.96833,328.2,997.993,29.4707,0,87.5934,0,0.0142888,No,Bermudagrass,"0.125""","Stilwlater, OK",Yes,
2/24/2022 23:00,31.1,23.9,14.918,11.6174,,3.21448,1.94613,344.8,998.177,29.4762,0,86.461,0,0.0136261,No,Bermudagrass,"0.125""","Stilwlater, OK",Yes,
2/24/2022 23:30,31.1,23,14.396,11.5574,,1.67994,1.34887,235.2,998.62,29.4892,0,88.2239,0,0.0141232,No,Bermudagrass,"0.125""","Stilwlater, OK",Yes,
2/25/2022 0:00,31.1,23,13.226,10.685,,1.46072,0.532391,305.3,998.754,29.4932,0,89.3411,0,0.0139437,No,Bermudagrass,"0.125""","Stilwlater, OK",Yes,
2/25/2022 0:30,30.2,23,13.226,10.7767,,1.67994,1.04241,305.7,999.089,29.5031,0,89.7073,0,0.0143164,No,Bermudagrass,"0.125""","Stilwlater, OK",Yes,
2/25/2022 1:00,30.2,23,13.46,10.7836,7.02554,4.74902,3.76253,327.3,999.36,29.5111,0,88.8145,0,0.0140265,No,Bermudagrass,"0.125""","Stilwlater, OK",Yes,
2/25/2022 1:30,30.2,23,11.966,9.33532,,1.67994,1.11176,329.9,999.737,29.5222,0,88.9206,0,0.01335,No,Bermudagrass,"0.125""","Stilwlater, OK",Yes,
2/25/2022 2:00,30.2,23,12.182,9.64782,6.36101,4.31058,3.2883,323.7,999.746,29.5225,0,89.3174,0,0.014137,No,Bermudagrass,"0.125""","Stilwlater, OK",Yes,
2/25/2022 2:30,30.2,23,11.714,8.33675,4.74805,5.04205,3.93253,335.7,999.52,29.5158,0,85.9667,0,0.011652,No,Bermudagrass,"0.125""","Stilwlater, OK",Yes,
2/25/2022 3:00,30.2,23,12.164,8.38188,6.73774,3.87214,3.07355,332.6,999.702,29.5212,0,84.4395,0,0.0119005,No,Bermudagrass,"0.125""","Stilwlater, OK",Yes,
2/25/2022 3:30,30.2,23,11.912,8.10102,5.36536,4.74902,3.68871,338,999.588,29.5178,0,84.312,0,0.0118453,No,Bermudagrass,"0.125""","Stilwlater, OK",Yes,
2/25/2022 4:00,30.2,23,11.282,7.66575,,3.21448,2.52774,341.7,999.779,29.5234,0,85.0147,0,0.0130739,No,Bermudagrass,"0.125""","Stilwlater, OK",Yes,
2/25/2022 4:30,30.2,23,10.688,7.27925,3.06896,4.82283,4.25689,344.5,1000.21,29.5363,0,85.779,0,0.0120661,No,Bermudagrass,"0.125""","Stilwlater, OK",Yes,
2/25/2022 5:00,29.3,23,11.84,7.30838,1.71245,7.37965,6.48264,354.1,1000.67,29.5498,0,81.5998,0,0.00978821,No,Bermudagrass,"0.125""","Stilwlater, OK",Yes,
2/25/2022 5:30,29.3,23,12.488,7.29965,2.29642,8.33035,6.67502,3.65,1001.01,29.5598,0,79.2587,0,0.00923599,No,Bermudagrass,"0.125""","Stilwlater, OK",Yes,
2/25/2022 6:00,29.3,23,12.02,7.01078,5.69732,4.60362,3.56344,351.8,1001.61,29.5776,0,79.8644,0,0.0109479,No,Bermudagrass,"0.125""","Stilwlater, OK",Yes,
2/25/2022 6:30,29.3,23,11.39,6.87214,5.19572,4.23899,3.43593,356.5,1001.97,29.5882,0,81.6145,0,0.0213712,No,Bermudagrass,"0.125""","Stilwlater, OK",Yes,
2/25/2022 7:00,29.3,23,12.488,7.72114,,2.1922,1.51217,354.8,1002.53,29.6048,0,80.7874,0,6.38113,No,Bermudagrass,"0.125""","Stilwlater, OK",Yes,
2/25/2022 7:30,29.3,23,12.524,8.02397,,2.26602,1.51217,28.72,1003.15,29.623,0,81.7716,48.2661,62.3606,No,Bermudagrass,"0.125""","Stilwlater, OK",Yes,
2/25/2022 8:00,30.2,24.8,15.296,7.80037,6.37292,8.25653,5.96591,42.06,1003.73,29.64,0,71.6658,142.839,157.083,No,Bermudagrass,"0.125""","Stilwlater, OK",Yes,
2/25/2022 8:30,30.2,25.7,16.07,7.98654,7.00273,9.06183,6.25447,57.53,1004.27,29.6561,0,69.8755,253.346,166.065,No,Bermudagrass,"0.125""","Stilwlater, OK",Yes,
2/25/2022 9:00,30.2,26.6,16.862,7.8163,7.80798,8.76879,6.39987,50.79,1004.71,29.6689,0,66.9963,364.498,217.529,No,Bermudagrass,"0.125""","Stilwlater, OK",Yes,
2/25/2022 9:30,30.2,29.3,18.4604,7.61864,7.84326,10.2295,8.68602,40.5,1004.84,29.673,0,61.9734,469.445,438.819,No,Bermudagrass,"0.125""","Stilwlater, OK",No ,
2/25/2022 10:00,31.1,30.2,19.9472,9.41755,8.27081,13.737,10.8514,18.7,1004.6,29.6659,0,63.0636,564.316,526.222,No,Bermudagrass,"0.125""","Stilwlater, OK",No ,
2/25/2022 10:30,31.1,32,20.912,10.0139,10.2117,12.3501,9.63896,20.2,1004.6,29.6659,0,62.1649,646.478,615.781,No,Bermudagrass,"0.125""","Stilwlater, OK",No ,
2/25/2022 11:00,31.1,32,22.2764,10.4628,11.9329,13.8847,9.58303,23.99,1004.35,29.6585,0,59.8638,713.983,679.044,No,Bermudagrass,"0.125""","Stilwlater, OK",No ,
2/25/2022 11:30,31.1,32,23.3978,11.7306,13.1584,14.9069,9.84476,13.17,1004.39,29.6598,0,60.42,765.361,631.304,No,Bermudagrass,"0.125""","Stilwlater, OK",No ,
2/25/2022 12:00,31.1,32.9,24.4652,11.3564,14.1838,14.6877,10.3548,26.57,1004.02,29.6487,0,56.8245,799.552,747.705,No,Bermudagrass,"0.125""","Stilwlater, OK",No ,
2/25/2022 12:30,31.1,33.8,25.9664,11.9837,17.2827,11.5448,8.31917,18.25,1003.78,29.6417,0,54.8892,815.868,775.9,No,Bermudagrass,"0.125""","Stilwlater, OK",No ,
2/25/2022 13:00,31.1,38.3,26.159,11.1417,17.6317,13.5916,8.14916,5.865,1003.05,29.62,0,52.4525,813.986,617.836,No,Bermudagrass,"0.125""","Stilwlater, OK",No ,
2/25/2022 13:30,31.1,37.4,27.6692,11.6314,17.8618,15.0523,10.9341,19.64,1002.64,29.6079,0,50.365,793.943,589.756,No,Bermudagrass,"0.125""","Stilwlater, OK",No ,
2/25/2022 14:00,31.1,32.9,28.8032,13.1216,20.9917,11.9833,7.94112,3.97,1001.92,29.5868,0,51.3518,756.137,669.191,No,Bermudagrass,"0.125""","Stilwlater, OK",No ,
2/25/2022 14:30,32,34.7,28.4774,11.3495,19.541,14.1039,9.67475,27.77,1001.49,29.574,0,48.1131,701.331,480.314,No,Bermudagrass,"0.125""","Stilwlater, OK",No ,
2/25/2022 15:00,32,36.5,29.498,12.4411,22.6357,10.0841,6.7891,21.04,1001.49,29.5739,0,48.4352,630.667,467.093,No,Bermudagrass,"0.125""","Stilwlater, OK",No ,
2/25/2022 15:30,32,36.5,29.723,12.3105,22.834,8.84261,6.88753,32.12,1000.94,29.5579,0,47.7159,545.704,421.13,No,Bermudagrass,"0.125""","Stilwlater, OK",No ,
2/25/2022 16:00,32,35.6,30.011,12.6246,21.3412,12.3501,9.85147,61.18,1000.66,29.5494,0,47.8193,448.509,287.784,No,Bermudagrass,"0.125""","Stilwlater, OK",No ,
2/25/2022 16:30,32,36.5,30.119,13.1127,22.3703,11.4732,8.29456,55.2,1000.5,29.5447,0,48.6468,341.906,192.608,No,Bermudagrass,"0.125""","Stilwlater, OK",No ,
2/25/2022 17:00,32,35.6,29.9426,12.8016,22.5272,10.1579,7.71296,61.15,1000.43,29.5428,0,48.3293,230.167,124.625,No,Bermudagrass,"0.125""","Stilwlater, OK",No ,
2/25/2022 17:30,32,32,29.6978,13.0054,21.2085,13.0794,9.38842,48.64,999.994,29.5298,0,49.2551,121.251,77.3598,No,Bermudagrass,"0.125""","Stilwlater, OK",No ,
2/25/2022 18:00,32,28.4,29.0048,13.4185,21.6477,9.35263,7.33491,57.46,999.844,29.5254,0,51.6006,35.2522,25.817,No,Bermudagrass,"0.125""","Stilwlater, OK",No ,
2/25/2022 18:30,32,28.4,28.8824,12.9852,21.4279,9.42645,7.43781,68.16,999.967,29.529,0,50.8783,0,2.62882,No,Bermudagrass,"0.125""","Stilwlater, OK",No ,
2/25/2022 19:00,32,27.5,28.0652,14.3852,22.4415,6.86963,5.01297,81.5,1000.24,29.537,0,55.9545,0,0.0147857,No,Bermudagrass,"0.125""","Stilwlater, OK",No ,
2/25/2022 19:30,32,28.4,28.4054,13.5045,22.5084,7.01503,5.36417,86.5,1000.53,29.5457,0,53.0841,0,0.011997,No,Bermudagrass,"0.125""","Stilwlater, OK",No ,
2/25/2022 20:00,32,28.4,28.283,13.0899,21.5958,8.03731,6.25224,84.8,1000.41,29.542,0,52.3855,0,0.0112515,No,Bermudagrass,"0.125""","Stilwlater, OK",No ,
2/25/2022 20:30,32,27.5,27.6458,12.9632,19.7939,10.3033,7.63243,76.45,1000.36,29.5405,0,53.4762,0,0.011431,No,Bermudagrass,"0.125""","Stilwlater, OK",Yes,
2/25/2022 21:00,32,27.5,27.3866,12.9202,21.5474,7.81809,5.1114,91,1000.67,29.5497,0,53.9478,0,0.0118313,No,Bermudagrass,"0.125""","Stilwlater, OK",Yes,
2/25/2022 21:30,32,28.4,26.8052,13.3024,18.9824,9.71949,7.34163,64.46,1000.32,29.5394,0,56.1975,0,0.0122179,No,Bermudagrass,"0.125""","Stilwlater, OK",No ,
2/25/2022 22:00,32,28.4,26.564,13.4426,18.5195,10.2295,7.57874,63.22,1000.26,29.5377,0,57.1128,0,0.0107545,No,Bermudagrass,"0.125""","Stilwlater, OK",No ,
2/25/2022 22:30,32,27.5,26.1086,13.438,18.8654,8.84261,6.41106,63.47,1000.84,29.5548,0,58.1886,0,0.0116795,No,Bermudagrass,"0.125""","Stilwlater, OK",Yes,
2/25/2022 23:00,32,26.6,25.4966,13.7324,21.0452,4.74902,3.62831,40.58,1001.06,29.5613,0,60.4647,0,0.0123698,No,Bermudagrass,"0.125""","Stilwlater, OK",Yes,
2/25/2022 23:30,32,25.7,24.7028,14.4657,17.8546,6.86963,5.65721,38.54,1000.86,29.5554,0,64.5426,0,0.0124388,No,Bermudagrass,"0.125""","Stilwlater, OK",Yes,
2/26/2022 0:00,32,25.7,23.5688,14.6388,18.4776,5.18746,3.89227,15,1000.66,29.5495,0,68.1951,0,0.0119142,No,Bermudagrass,"0.125""","Stilwlater, OK",Yes,
2/26/2022 0:30,32,24.8,23.7794,13.8505,17.2433,6.86963,5.16956,35.02,1000.36,29.5406,0,65.2978,0,0.0120384,No,Bermudagrass,"0.125""","Stilwlater, OK",Yes,
2/26/2022 1:00,32,24.8,22.2314,13.6066,,3.36212,2.63287,19.42,1000.4,29.5418,0,68.9489,0,0.0126045,No,Bermudagrass,"0.125""","Stilwlater, OK",Yes,
2/26/2022 1:30,32,24.8,22.1792,14.2635,16.338,5.91893,4.31058,27.46,1000.49,29.5445,0,71.1245,0,0.0132948,No,Bermudagrass,"0.125""","Stilwlater, OK",Yes,
2/26/2022 2:00,32,23.9,21.2792,14.7055,14.082,7.16043,5.37536,15.8,1000.15,29.5344,0,75.3317,0,0.0128254,No,Bermudagrass,"0.125""","Stilwlater, OK",Yes,
2/26/2022 2:30,32,23.9,19.6286,13.691,13.7991,5.33509,3.99069,11.55,1000.11,29.5333,0,77.299,0,0.0128116,No,Bermudagrass,"0.125""","Stilwlater, OK",Yes,
2/26/2022 3:00,32,23.9,18.7844,13.9635,12.2966,5.69971,4.38663,359.6,999.763,29.523,0,81.1115,0,0.0139574,No,Bermudagrass,"0.125""","Stilwlater, OK",Yes,
2/26/2022 3:30,32,23.9,18.8636,13.6349,13.5189,4.74902,3.57462,353,999.862,29.5259,0,79.6767,0,0.0128392,No,Bermudagrass,"0.125""","Stilwlater, OK",Yes,
2/26/2022 4:00,32,23.9,18.6278,14.0183,,3.58133,2.9796,351.3,999.817,29.5246,0,81.8555,0,0.0133224,No,Bermudagrass,"0.125""","Stilwlater, OK",Yes,
2/26/2022 4:30,32,23.9,19.0184,14.0287,,2.99526,2.20115,341.2,999.81,29.5244,0,80.5314,0,0.0128944,No,Bermudagrass,"0.125""","Stilwlater, OK",Yes,
2/26/2022 5:00,31.1,24.8,18.7808,14.2344,,4.01977,2.50984,17.39,999.552,29.5168,0,82.0946,0,0.0125493,No,Bermudagrass,"0.125""","Stilwlater, OK",Yes,
2/26/2022 5:30,31.1,24.8,20.489,14.7499,13.7927,7.01503,4.79152,51.11,999.185,29.5059,0,78.0559,0,0.00916692,No,Bermudagrass,"0.125""","Stilwlater, OK",Yes,
2/26/2022 6:00,31.1,24.8,19.1426,13.6896,,4.5298,1.99982,346.4,999.268,29.5084,0,78.9189,0,0.0098434,No,Bermudagrass,"0.125""","Stilwlater, OK",Yes,
2/26/2022 6:30,31.1,23.9,17.6864,13.2859,,3.87214,2.75814,5.106,999.415,29.5127,0,82.5388,0,0.0147996,No,Bermudagrass,"0.125""","Stilwlater, OK",Yes,
2/26/2022 7:00,30.2,23.9,17.024,12.8849,,3.21448,2.06917,17.28,999.322,29.51,0,83.4464,0,2.48838,No,Bermudagrass,"0.125""","Stilwlater, OK",Yes,
2/26/2022 7:30,30.2,24.8,17.7638,14.2966,,2.26602,1.70902,320.5,999.391,29.512,0,86.0013,51.6733,24.9254,No,Bermudagrass,"0.125""","Stilwlater, OK",Yes,
2/26/2022 8:00,31.1,28.4,19.1894,15.1013,,1.82758,0.740426,328.5,999.646,29.5195,0,83.7888,147.66,95.627,No,Bermudagrass,"0.125""","Stilwlater, OK",No ,
2/26/2022 8:30,31.1,32,21.7958,16.3138,,3.58133,2.10496,35.38,999.788,29.5237,0,79.0546,258.775,183.398,No,Bermudagrass,"0.125""","Stilwlater, OK",No ,
2/26/2022 9:00,31.1,36.5,23.495,15.7392,17.3196,6.57659,4.78481,61.99,999.862,29.5259,0,71.7742,370.209,287.501,No,Bermudagrass,"0.125""","Stilwlater, OK",No ,
2/26/2022 9:30,31.1,44.6,25.2374,16.6048,,3.58133,2.28391,69.02,999.892,29.5268,0,69.2898,475.301,323.113,No,Bermudagrass,"0.125""","Stilwlater, OK",No ,
2/26/2022 10:00,31.1,50.9,27.635,15.9342,,3.72674,1.31084,84.8,1000.06,29.5318,0,60.94,570.245,385.795,No,Bermudagrass,"0.125""","Stilwlater, OK",No ,
2/26/2022 10:30,32,57.2,28.8644,17.0149,,3.4337,2.10496,73.86,999.526,29.516,0,60.7228,652.437,567.743,No,Bermudagrass,"0.125""","Stilwlater, OK",No ,
2/26/2022 11:00,32,60.8,31.5842,18.7678,,3.21448,1.81192,84.4,999.728,29.5219,0,58.6292,719.937,620.22,No,Bermudagrass,"0.125""","Stilwlater, OK",No ,
2/26/2022 11:30,32,68,33.4796,19.5618,,4.16518,2.30404,57.96,999.337,29.5104,0,56.2026,771.287,727.825,No,Bermudagrass,"0.125""","Stilwlater, OK",No ,
2/26/2022 12:00,32,72.5,34.9844,19.3611,,3.1429,1.52335,169.8,999.282,29.5088,0,52.4718,805.427,754.208,No,Bermudagrass,"0.125""","Stilwlater, OK",No ,
2/26/2022 12:30,32,74.3,35.6072,20.2003,,5.26127,2.60603,44.78,998.483,29.4852,0.01,53.0575,821.674,768.857,No,Bermudagrass,"0.125""","Stilwlater, OK",No ,
2/26/2022 13:00,32,75.2,36.8384,20.1258,,3.21448,0.973067,359.2,997.398,29.4532,0.03,50.3737,819.707,765.912,No,Bermudagrass,"0.125""","Stilwlater, OK",No ,
2/26/2022 13:30,32,75.2,38.6384,20.7038,36.5918,6.21197,3.19658,63.38,996.806,29.4357,0.06,48.1029,799.564,743.159,No,Bermudagrass,"0.125""","Stilwlater, OK",No ,
2/26/2022 14:00,32,75.2,40.4042,21.864,36.2723,10.961,5.95025,3.724,996.13,29.4157,0.08,47.168,761.645,709.23,No,Bermudagrass,"0.125""","Stilwlater, OK",No ,
2/26/2022 14:30,33.8,73.4,41.4266,22.7387,36.2111,12.4217,8.22969,23.09,995.558,29.3988,0.1,47.0418,706.712,658.475,No,Bermudagrass,"0.125""","Stilwlater, OK",No ,
2/26/2022 15:00,36.5,71.6,41.3114,21.2951,38.7876,15.5646,4.05109,0.827,995.243,29.3895,0.12,44.4543,635.907,595.425,No,Bermudagrass,"0.125""","Stilwlater, OK",No ,
2/26/2022 15:30,39.2,68,42.2618,20.4224,,4.74902,2.63287,60.62,995.065,29.3843,0.14,41.2929,550.784,519.673,No,Bermudagrass,"0.125""","Stilwlater, OK",No ,
2/26/2022 16:00,40.1,63.5,42.7208,18.7665,,6.35737,1.89245,266.9,995.095,29.3851,0.15,37.7968,453.403,435.452,No,Bermudagrass,"0.125""","Stilwlater, OK",No ,
2/26/2022 16:30,41,58.1,43.106,19.8313,,5.99275,2.95947,66.52,995.08,29.3847,0.17,38.9793,346.564,338.179,No,Bermudagrass,"0.125""","Stilwlater, OK",No ,
2/26/2022 17:00,41,50,42.7946,20.8157,39.332,8.40417,5.61471,347.2,995.089,29.385,0.18,41.1381,234.476,209.071,No,Bermudagrass,"0.125""","Stilwlater, OK",No ,
2/26/2022 17:30,40.1,38.3,42.3284,20.3516,40.7945,4.31058,3.18763,4.274,995.138,29.3864,0.19,41.0631,124.917,143.566,No,Bermudagrass,"0.125""","Stilwlater, OK",No ,
2/26/2022 18:00,39.2,32,40.8056,19.9977,,2.92368,1.64191,331.4,995.353,29.3928,0.19,42.8988,37.6859,30.1995,No,Bermudagrass,"0.125""","Stilwlater, OK",No ,
2/26/2022 18:30,37.4,28.4,39.416,20.6099,,2.26602,1.97745,32.85,995.456,29.3958,0.19,46.4773,0,2.32786,No,Bermudagrass,"0.125""","Stilwlater, OK",No ,
2/26/2022 19:00,35.6,27.5,32.9288,20.4025,29.3456,4.5298,3.82292,333.3,995.924,29.4096,0.19,59.5578,0,0.0263407,No,Bermudagrass,"0.125""","Stilwlater, OK",Yes,
2/26/2022 19:30,34.7,27.5,29.2586,21.4325,25.9361,4.5298,3.19434,255.8,996.286,29.4203,0.19,72.1997,0,0.0204044,No,Bermudagrass,"0.125""","Stilwlater, OK",Yes,
2/26/2022 20:00,34.7,25.7,29.1146,22.6685,,1.53454,1.12742,258.5,996.771,29.4346,0.19,76.521,0,0.0192448,No,Bermudagrass,"0.125""","Stilwlater, OK",Yes,
2/26/2022 20:30,33.8,24.8,27.8222,20.9581,,2.0468,1.59717,234.1,996.692,29.4323,0.19,75.0534,0,0.0159592,No,Bermudagrass,"0.125""","Stilwlater, OK",Yes,
2/26/2022 21:00,33.8,24.8,27.8132,20.128,,2.63064,2.32641,257,996.82,29.4361,0.19,72.4744,0,0.0163733,No,Bermudagrass,"0.125""","Stilwlater, OK",Yes,
2/26/2022 21:30,32.9,24.8,26.7728,20.1854,,2.0468,0.984252,292.9,996.897,29.4383,0.19,75.837,0,0.0158902,No,Bermudagrass,"0.125""","Stilwlater, OK",Yes,
2/26/2022 22:00,32.9,24.8,25.763,20.1926,21.5832,4.01977,3.4583,282.4,996.958,29.4401,0.19,79.102,0,0.0139988,No,Bermudagrass,"0.125""","Stilwlater, OK",Yes,
2/26/2022 22:30,32.9,23.9,24.611,19.9763,,3.72674,2.9796,271.9,997.113,29.4447,0.19,82.2276,0,0.0145787,No,Bermudagrass,"0.125""","Stilwlater, OK",Yes,
2/26/2022 23:00,32.9,24.8,24.6866,20.3923,,3.58133,2.84986,284.4,997.023,29.4421,0.19,83.4355,0,0.0140817,No,Bermudagrass,"0.125""","Stilwlater, OK",Yes,
2/26/2022 23:30,32.9,24.8,25.4156,21.76,,0.876879,0.102899,271.6,996.872,29.4376,0.19,85.7785,0,0.0136813,No,Bermudagrass,"0.125""","Stilwlater, OK",Yes,
2/27/2022 0:00,32.9,23.9,24.4454,19.214,,0.58384,0.0626342,270.6,996.72,29.4331,0.19,80.1429,0,0.0137503,No,Bermudagrass,"0.125""","Stilwlater, OK",Yes,
2/27/2022 0:30,32,23.9,22.5626,18.2005,,2.84986,2.27273,253.4,996.958,29.4401,0.19,83.0405,0,0.0129496,No,Bermudagrass,"0.125""","Stilwlater, OK",Yes,
2/27/2022 1:00,32,24.8,22.199,17.3141,17.75,4.31058,3.29948,294.9,996.847,29.4369,0.19,81.1612,0,0.0116381,No,Bermudagrass,"0.125""","Stilwlater, OK",Yes,
2/27/2022 1:30,32,23.9,21.2522,18.1116,16.2423,4.23899,3.58357,285.2,996.907,29.4386,0.19,87.4377,0,0.0131015,No,Bermudagrass,"0.125""","Stilwlater, OK",Yes,
2/27/2022 2:00,32,23.9,21.4214,18.5752,,2.55682,1.926,275.3,997.001,29.4414,0.19,88.5611,0,0.0133638,No,Bermudagrass,"0.125""","Stilwlater, OK",Yes,
2/27/2022 2:30,32,23.9,21.6914,19.1725,17.1511,3.50752,3.3129,263.3,996.735,29.4336,0.19,89.8268,0,0.0126459,No,Bermudagrass,"0.125""","Stilwlater, OK",Yes,
2/27/2022 3:00,32,23.9,21.2522,16.802,16.5434,5.11587,3.38225,308.8,996.602,29.4296,0.19,82.6284,0,0.0102576,No,Bermudagrass,"0.125""","Stilwlater, OK",Yes,
2/27/2022 3:30,32,24.8,20.966,18.4668,,2.48524,1.71573,277.9,996.454,29.4253,0.19,89.8697,0,0.0120523,No,Bermudagrass,"0.125""","Stilwlater, OK",Yes,
2/27/2022 4:00,32,23.9,20.9264,17.679,,1.0961,0.827666,270.4,996.39,29.4234,0.19,87.0175,0,0.0131844,No,Bermudagrass,"0.125""","Stilwlater, OK",Yes,
2/27/2022 4:30,32,23.9,20.6816,16.413,,3.4337,2.69998,281.8,996.562,29.4285,0.19,83.2393,0,0.0118176,No,Bermudagrass,"0.125""","Stilwlater, OK",Yes,
2/27/2022 5:00,32,23.9,20.1488,17.2765,,3.1429,2.11838,262.8,996.705,29.4327,0.19,88.3961,0,0.0137918,No,Bermudagrass,"0.125""","Stilwlater, OK",Yes,
2/27/2022 5:30,32,23.9,19.2956,15.1172,,1.89916,1.56362,269.7,996.912,29.4388,0.19,83.4667,0,0.012853,No,Bermudagrass,"0.125""","Stilwlater, OK",Yes,
2/27/2022 6:00,32,23,19.157,16.0277,,1.0961,0.740426,271.2,997.077,29.4437,0.19,87.3631,0,0.0129773,No,Bermudagrass,"0.125""","Stilwlater, OK",Yes,
2/27/2022 6:30,32,23,18.788,15.8397,,1.38914,0.563708,248.3,997.154,29.4459,0.19,88.0337,0,0.020239,No,Bermudagrass,"0.125""","Stilwlater, OK",Yes,
2/27/2022 7:00,32,23,18.9086,16.87,,0,0,0,997.173,29.4465,0.19,91.5868,0,3.78483,No,Bermudagrass,"0.125""","Stilwlater, OK",Yes,
2/27/2022 7:30,32,24.8,18.6692,16.2951,,0.657659,0.0581603,304.2,997.27,29.4494,0.19,90.2535,55.1994,53.2663,No,Bermudagrass,"0.125""","Stilwlater, OK",Yes,
2/27/2022 8:00,32,27.5,21.3746,17.9446,,1.67994,0.756084,208.2,997.627,29.4599,0.19,86.3614,152.572,171.907,No,Bermudagrass,"0.125""","Stilwlater, OK",Yes,
2/27/2022 8:30,32,32.9,27.4676,19.7417,,2.55682,0.565945,293.7,998.028,29.4718,0.19,72.3105,264.272,270.445,No,Bermudagrass,"0.125""","Stilwlater, OK",No ,
2/27/2022 9:00,32,41,31.127,18.6081,26.9996,5.55431,4.06228,267.8,998.347,29.4812,0.19,59.316,375.974,379.608,No,Bermudagrass,"0.125""","Stilwlater, OK",No ,
2/27/2022 9:30,32,50,33.9836,20.3957,30.4024,6.65041,3.96833,301.7,998.663,29.4905,0.19,57.0759,481.2,467.799,No,Bermudagrass,"0.125""","Stilwlater, OK",No ,
2/27/2022 10:00,32,56.3,37.436,21.4618,33.5127,7.23425,4.93692,276.4,998.726,29.4924,0.19,52.0771,576.208,556.949,No,Bermudagrass,"0.125""","Stilwlater, OK",No ,
2/27/2022 10:30,32,63.5,41.0936,21.1677,37.1899,8.62339,5.80261,277,998.893,29.4973,0.2,44.5888,658.418,633.858,No,Bermudagrass,"0.125""","Stilwlater, OK",No ,
2/27/2022 11:00,32,69.8,43.3652,20.8398,41.977,6.72199,3.18316,241.8,998.801,29.4946,0.2,40.2887,725.906,695.398,No,Bermudagrass,"0.125""","Stilwlater, OK",No ,
2/27/2022 11:30,39.2,77,47.642,21.0206,46.1432,6.65041,4.00412,301.8,998.521,29.4863,0.21,34.5166,777.218,744.668,No,Bermudagrass,"0.125""","Stilwlater, OK",No ,
2/27/2022 12:00,43.7,81.5,50.504,16.7462,,9.20723,5.22772,324.9,998.16,29.4757,0.22,25.8195,811.3,779.007,No,Bermudagrass,"0.125""","Stilwlater, OK",No ,
2/27/2022 12:30,46.4,84.2,53.006,16.7106,,10.7418,7.48479,301.1,997.657,29.4608,0.23,23.5055,827.471,794.373,No,Bermudagrass,"0.125""","Stilwlater, OK",No ,
2/27/2022 13:00,48.2,86,53.798,13.1659,,9.57185,6.0196,358.8,996.989,29.4411,0.24,19.5548,825.412,792.635,No,Bermudagrass,"0.125""","Stilwlater, OK",No ,
2/27/2022 13:30,50,86,55.076,13.4341,,11.6186,6.64817,323.3,996.272,29.4199,0.26,18.886,805.164,775.626,No,Bermudagrass,"0.125""","Stilwlater, OK",No ,
2/27/2022 14:00,51.8,87.8,55.562,12.4342,,9.06183,5.69077,297.9,995.625,29.4008,0.26,17.7541,767.126,740.342,No,Bermudagrass,"0.125""","Stilwlater, OK",No ,
2/27/2022 14:30,52.7,83.3,55.886,12.4448,,9.79107,6.65489,259.2,995.226,29.389,0.27,17.5549,712.063,689.744,No,Bermudagrass,"0.125""","Stilwlater, OK",No ,
2/27/2022 15:00,52.7,81.5,56.588,12.2824,,13.9562,8.23416,290.4,994.867,29.3784,0.28,16.9919,641.115,622.947,No,Bermudagrass,"0.125""","Stilwlater, OK",No ,
2/27/2022 15:30,52.7,77,57.362,13.7719,,9.42645,4.97495,296.4,994.417,29.3651,0.29,17.6466,555.833,543.528,No,Bermudagrass,"0.125""","Stilwlater, OK",No ,
2/27/2022 16:00,52.7,71.6,57.092,11.8976,,10.961,6.57883,256,994.062,29.3546,0.29,16.4034,458.267,453.625,No,Bermudagrass,"0.125""","Stilwlater, OK",No ,
2/27/2022 16:30,51.8,65.3,56.714,11.8357,,10.8872,7.06201,284.7,993.898,29.3498,0.3,16.5831,351.195,354.866,No,Bermudagrass,"0.125""","Stilwlater, OK",No ,
2/27/2022 17:00,50.9,59,56.318,12.092,,10.3033,8.18719,263.1,993.752,29.3455,0.3,17.0145,238.769,252.814,No,Bermudagrass,"0.125""","Stilwlater, OK",No ,
2/27/2022 17:30,50,48.2,55.67,11.0532,,9.06183,5.9413,284.3,993.801,29.3469,0.3,16.6329,128.588,140.743,No,Bermudagrass,"0.125""","Stilwlater, OK",No ,
2/27/2022 18:00,48.2,41,53.726,11.9287,,4.60362,3.26145,271.3,993.747,29.3453,0.3,18.5624,40.1418,46.0122,No,Bermudagrass,"0.125""","Stilwlater, OK",No ,
2/27/2022 18:30,45.5,35.6,49.01,15.1618,,1.89916,1.44059,231.2,993.784,29.3464,0.3,25.4783,0,2.92027,No,Bermudagrass,"0.125""","Stilwlater, OK",No ,
2/27/2022 19:00,43.7,33.8,43.7036,15.7594,,0,0,0,994.01,29.3531,0.3,31.961,0,0.0290878,No,Bermudagrass,"0.125""","Stilwlater, OK",No ,
2/27/2022 19:30,42.8,32.9,42.0296,16.3778,,2.41142,1.42493,201.1,994.053,29.3544,0.3,35.0121,0,0.0232896,No,Bermudagrass,"0.125""","Stilwlater, OK",No ,
2/27/2022 20:00,41.9,32,37.607,18.7189,,2.77604,2.17878,204,993.959,29.3516,0.3,46.0155,0,0.0216193,No,Bermudagrass,"0.125""","Stilwlater, OK",No ,
2/27/2022 20:30,41,32,34.2122,18.0176,,2.84986,2.1318,197.7,993.838,29.348,0.3,51.0786,0,0.0192862,No,Bermudagrass,"0.125""","Stilwlater, OK",No ,
2/27/2022 21:00,40.1,31.1,31.7138,17.7469,,0.731478,0.30646,214,993.764,29.3458,0.3,55.816,0,0.0189411,No,Bermudagrass,"0.125""","Stilwlater, OK",No ,
2/27/2022 21:30,39.2,30.2,29.894,16.9515,,0,0,0,993.858,29.3486,0.3,58.0626,0,0.0167046,No,Bermudagrass,"0.125""","Stilwlater, OK",No ,
2/27/2022 22:00,39.2,30.2,28.5152,16.74,,0.512258,0.0917144,203.4,993.972,29.352,0.3,60.8685,0,0.0156002,No,Bermudagrass,"0.125""","Stilwlater, OK",No ,
2/27/2022 22:30,38.3,29.3,27.8384,16.7872,,0,0,0,993.981,29.3522,0.3,62.7124,0,0.0158211,No,Bermudagrass,"0.125""","Stilwlater, OK",No ,
2/27/2022 23:00,37.4,29.3,27.6206,17.8881,,2.84986,0.340014,189.1,993.799,29.3469,0.3,66.3611,0,0.0134328,No,Bermudagrass,"0.125""","Stilwlater, OK",No ,
2/27/2022 23:30,37.4,29.3,30.3116,17.5352,,4.01977,2.11167,211.2,993.763,29.3458,0.3,58.543,0,0.0123974,No,Bermudagrass,"0.125""","Stilwlater, OK",No ,
2/28/2022 0:00,36.5,28.4,34.4498,17.6986,,2.41142,1.34887,212.9,993.679,29.3433,0.3,49.9053,0,0.00844899,No,Bermudagrass,"0.125""","Stilwlater, OK",No ,
2/28/2022 0:30,36.5,28.4,36.6224,17.2171,33.9338,5.6259,3.51199,184.1,993.315,29.3326,0.3,44.8386,0,0.00733075,No,Bermudagrass,"0.125""","Stilwlater, OK",No ,
2/28/2022 1:00,35.6,28.4,36.131,18.3299,,2.3376,0.892538,185.1,993.304,29.3322,0.3,47.9666,0,0.00791058,No,Bermudagrass,"0.125""","Stilwlater, OK",No ,
2/28/2022 1:30,35.6,28.4,34.4624,19.2532,,1.38914,0.516732,168.5,993.317,29.3326,0.3,53.3277,0,0.00945679,No,Bermudagrass,"0.125""","Stilwlater, OK",No ,
2/28/2022 2:00,35.6,27.5,30.7508,21.4362,,3.65292,2.74248,171,993.124,29.3269,0.3,67.9535,0,0.0123698,No,Bermudagrass,"0.125""","Stilwlater, OK",Yes,
2/28/2022 2:30,34.7,27.5,30.4556,21.8525,,1.67994,1.26387,179.4,993.103,29.3263,0.3,69.9962,0,0.013419,No,Bermudagrass,"0.125""","Stilwlater, OK",Yes,
2/28/2022 3:00,34.7,26.6,28.5998,22.6718,,1.97298,1.48533,98.9,992.749,29.3159,0.3,78.162,0,0.0134466,No,Bermudagrass,"0.125""","Stilwlater, OK",Yes,
2/28/2022 3:30,33.8,26.6,29.4674,20.1682,,1.60836,1.05583,79.15,992.502,29.3086,0.3,67.8401,0,0.0126045,No,Bermudagrass,"0.125""","Stilwlater, OK",Yes,
2/28/2022 4:00,33.8,26.6,26.5028,19.2901,,2.1922,1.72915,141.4,992.188,29.2993,0.3,73.8101,0,0.0131705,No,Bermudagrass,"0.125""","Stilwlater, OK",Yes,
2/28/2022 4:30,33.8,26.6,25.1654,19.4021,,1.16992,0.308697,142.3,992.453,29.3071,0.3,78.4002,0,0.0126735,No,Bermudagrass,"0.125""","Stilwlater, OK",Yes,
2/28/2022 5:00,33.8,25.7,24.1088,20.3787,,1.82758,1.4048,128.8,992.367,29.3046,0.3,85.4257,0,0.013778,No,Bermudagrass,"0.125""","Stilwlater, OK",Yes,
2/28/2022 5:30,33.8,28.4,23.4572,19.3031,,1.02228,0.33554,140.3,992.372,29.3047,0.3,83.8498,0,0.0130463,No,Bermudagrass,"0.125""","Stilwlater, OK",Yes,
2/28/2022 6:00,32.9,26.6,23.648,20.0382,,0,0,0,992.631,29.3124,0.3,85.836,0,0.0121627,No,Bermudagrass,"0.125""","Stilwlater, OK",Yes,
2/28/2022 6:30,32.9,25.7,24.9962,21.0632,,2.55682,1.9685,131.3,992.534,29.3095,0.3,84.749,0,0.0228759,No,Bermudagrass,"0.125""","Stilwlater, OK",Yes,
2/28/2022 7:00,32.9,26.6,24.728,20.0799,,2.92368,1.87455,162,992.416,29.306,0.3,82.1894,0,4.65612,No,Bermudagrass,"0.125""","Stilwlater, OK",Yes,
2/28/2022 7:30,32.9,27.5,26.7944,21.8576,,0,0,0,992.387,29.3052,0.3,81.3466,58.8459,60.4197,No,Bermudagrass,"0.125""","Stilwlater, OK",Yes,
2/28/2022 8:00,32.9,30.2,31.676,23.2418,,0,0,0,992.463,29.3074,0.3,70.6381,157.573,168.643,No,Bermudagrass,"0.125""","Stilwlater, OK",No ,
2/28/2022 8:30,32.9,33.8,37.454,23.7768,,4.23899,1.91258,259,992.901,29.3204,0.3,57.3747,269.833,271.583,No,Bermudagrass,"0.125""","Stilwlater, OK",No ,
2/28/2022 9:00,33.8,47.3,43.5668,25.6101,41.254,6.35737,4.2211,245.8,992.987,29.3229,0.31,48.8557,381.79,373.186,No,Bermudagrass,"0.125""","Stilwlater, OK",No ,
2/28/2022 9:30,38.3,54.5,48.848,22.8962,46.4489,7.52729,5.71537,239.1,992.635,29.3125,0.31,35.7139,487.139,476.382,No,Bermudagrass,"0.125""","Stilwlater, OK",No ,
2/28/2022 10:00,41,61.7,51.458,21.6933,,12.6409,9.71054,248.9,992.424,29.3063,0.31,30.8066,582.2,577.106,No,Bermudagrass,"0.125""","Stilwlater, OK",No ,
2/28/2022 10:30,43.7,58.1,53.834,21.3186,,14.3231,9.76423,248.8,992.156,29.2984,0.31,27.7848,664.42,642.719,No,Bermudagrass,"0.125""","Stilwlater, OK",No ,
2/28/2022 11:00,47.3,63.5,56.624,22.2456,,9.06183,6.85621,243.1,992.169,29.2987,0.31,26.1094,731.886,718.15,No,Bermudagrass,"0.125""","Stilwlater, OK",No ,
2/28/2022 11:30,50.9,67.1,59.216,23.4548,,10.7418,7.82033,229.4,991.877,29.2901,0.31,25.0303,783.151,755.006,No,Bermudagrass,"0.125""","Stilwlater, OK",No ,
2/28/2022 12:00,53.6,71.6,62.258,22.9165,,7.37965,4.67967,217.6,991.362,29.2749,0.31,21.9658,817.167,809.699,No,Bermudagrass,"0.125""","Stilwlater, OK",No ,
2/28/2022 12:30,56.3,72.5,64.688,23.544,,8.76879,5.41562,229.8,990.832,29.2593,0.31,20.7102,833.254,713.405,No,Bermudagrass,"0.125""","Stilwlater, OK",No ,
2/28/2022 13:00,59,77,66.596,23.4562,,9.86489,7.02398,259.8,990.091,29.2374,0.31,19.3103,831.097,795.796,No,Bermudagrass,"0.125""","Stilwlater, OK",No ,
2/28/2022 13:30,60.8,77.9,68.63,24.6848,,12.0571,8.2543,255.9,989.38,29.2164,0.31,18.9534,810.738,774.973,No,Bermudagrass,"0.125""","Stilwlater, OK",No ,
2/28/2022 14:00,65.3,74.3,70.178,24.4892,,15.3454,9.32802,224.5,988.782,29.1987,0.31,17.8299,772.578,721.957,No,Bermudagrass,"0.125""","Stilwlater, OK",No ,
